-- MySQL dump 10.13  Distrib 5.7.9, for Win64 (x86_64)
--
-- Host: localhost    Database: tms_db
-- ------------------------------------------------------
-- Server version	5.7.12-log

/*!40101 SET @OLD_CHARACTER_SET_CLIENT=@@CHARACTER_SET_CLIENT */;
/*!40101 SET @OLD_CHARACTER_SET_RESULTS=@@CHARACTER_SET_RESULTS */;
/*!40101 SET @OLD_COLLATION_CONNECTION=@@COLLATION_CONNECTION */;
/*!40101 SET NAMES utf8 */;
/*!40103 SET @OLD_TIME_ZONE=@@TIME_ZONE */;
/*!40103 SET TIME_ZONE='+00:00' */;
/*!40014 SET @OLD_UNIQUE_CHECKS=@@UNIQUE_CHECKS, UNIQUE_CHECKS=0 */;
/*!40014 SET @OLD_FOREIGN_KEY_CHECKS=@@FOREIGN_KEY_CHECKS, FOREIGN_KEY_CHECKS=0 */;
/*!40101 SET @OLD_SQL_MODE=@@SQL_MODE, SQL_MODE='NO_AUTO_VALUE_ON_ZERO' */;
/*!40111 SET @OLD_SQL_NOTES=@@SQL_NOTES, SQL_NOTES=0 */;

--
-- Table structure for table `competence`
--

DROP TABLE IF EXISTS `competence`;
/*!40101 SET @saved_cs_client     = @@character_set_client */;
/*!40101 SET character_set_client = utf8 */;
CREATE TABLE `competence` (
  `id` int(11) NOT NULL AUTO_INCREMENT,
  `name` varchar(100) NOT NULL,
  `created_at` datetime NOT NULL,
  `updated_at` datetime NOT NULL,
  `department_id` int(11) NOT NULL,
  PRIMARY KEY (`id`),
  KEY `department_id` (`department_id`),
  CONSTRAINT `competence_ibfk_1` FOREIGN KEY (`department_id`) REFERENCES `department` (`id`) ON DELETE NO ACTION ON UPDATE CASCADE
) ENGINE=InnoDB AUTO_INCREMENT=37 DEFAULT CHARSET=utf8;
/*!40101 SET character_set_client = @saved_cs_client */;

--
-- Dumping data for table `competence`
--

LOCK TABLES `competence` WRITE;
/*!40000 ALTER TABLE `competence` DISABLE KEYS */;
INSERT INTO `competence` VALUES (1,'Business Development','2016-06-30 13:21:02','2016-06-30 13:21:02',1),(2,'Bid Support','2016-06-30 13:21:02','2016-06-30 13:21:02',1),(3,'Finance Management','2016-06-30 13:21:02','2016-06-30 13:21:02',2),(4,'Accounting','2016-06-30 13:21:02','2016-06-30 13:21:02',2),(5,'HR Management','2016-06-30 13:21:02','2016-06-30 13:21:02',3),(6,'C&B','2016-06-30 13:21:02','2016-06-30 13:21:02',3),(7,'Cooperate Communication','2016-06-30 13:21:02','2016-06-30 13:21:02',3),(8,'Facilities','2016-06-30 13:21:02','2016-06-30 13:21:02',3),(9,'HRBP','2016-06-30 13:21:02','2016-06-30 13:21:02',3),(10,'Recruitment','2016-06-30 13:21:02','2016-06-30 13:21:02',3),(11,'Resource Planning','2016-06-30 13:21:02','2016-06-30 13:21:02',3),(12,'Training','2016-06-30 13:21:02','2016-06-30 13:21:02',3),(13,'IT Management','2016-06-30 13:21:02','2016-06-30 13:21:02',4),(14,'IT Network','2016-06-30 13:21:02','2016-06-30 13:21:02',4),(15,'IT Server','2016-06-30 13:21:02','2016-06-30 13:21:02',4),(16,'IT Support','2016-06-30 13:21:02','2016-06-30 13:21:02',4),(17,'Admin','2016-06-30 13:21:02','2016-06-30 13:21:02',5),(18,'BA','2016-06-30 13:21:02','2016-06-30 13:21:02',5),(19,'C++','2016-06-30 13:21:02','2016-06-30 13:21:02',5),(20,'C++/Oracle','2016-06-30 13:21:02','2016-06-30 13:21:02',5),(21,'Database','2016-06-30 13:21:02','2016-06-30 13:21:02',5),(22,'Front-End','2016-06-30 13:21:02','2016-06-30 13:21:02',5),(23,'Java','2016-06-30 13:21:02','2016-06-30 13:21:02',5),(24,'LAMP','2016-06-30 13:21:02','2016-06-30 13:21:02',5),(25,'SD Management','2016-06-30 13:21:02','2016-06-30 13:21:02',5),(26,'Microsoft','2016-06-30 13:21:02','2016-06-30 13:21:02',5),(27,'Mobile','2016-06-30 13:21:02','2016-06-30 13:21:02',5),(28,'Project Management','2016-06-30 13:21:02','2016-06-30 13:21:02',5),(29,'QA','2016-06-30 13:21:02','2016-06-30 13:21:02',5),(30,'QC','2016-06-30 13:21:02','2016-06-30 13:21:02',5),(31,'Support Analyst','2016-06-30 13:21:02','2016-06-30 13:21:02',5),(32,'UI','2016-06-30 13:21:02','2016-06-30 13:21:02',5),(33,'VB6','2016-06-30 13:21:02','2016-06-30 13:21:02',5),(34,'Web Admin','2016-06-30 13:21:02','2016-06-30 13:21:02',5),(35,'IT','2016-06-30 13:21:02','2016-06-30 13:21:02',5),(36,'Marketing','2016-06-30 13:21:02','2016-06-30 13:21:02',6);
/*!40000 ALTER TABLE `competence` ENABLE KEYS */;
UNLOCK TABLES;

--
-- Table structure for table `competence_job_title`
--

DROP TABLE IF EXISTS `competence_job_title`;
/*!40101 SET @saved_cs_client     = @@character_set_client */;
/*!40101 SET character_set_client = utf8 */;
CREATE TABLE `competence_job_title` (
  `id` int(11) NOT NULL AUTO_INCREMENT,
  `created_at` datetime NOT NULL,
  `updated_at` datetime NOT NULL,
  `competence_id` int(11) NOT NULL,
  `job_title_id` int(11) NOT NULL,
  PRIMARY KEY (`id`),
  KEY `competence_id` (`competence_id`),
  KEY `job_title_id` (`job_title_id`),
  CONSTRAINT `competence_job_title_ibfk_1` FOREIGN KEY (`competence_id`) REFERENCES `competence` (`id`) ON DELETE CASCADE ON UPDATE CASCADE,
  CONSTRAINT `competence_job_title_ibfk_2` FOREIGN KEY (`job_title_id`) REFERENCES `job_title` (`id`) ON DELETE NO ACTION ON UPDATE CASCADE
) ENGINE=InnoDB AUTO_INCREMENT=245 DEFAULT CHARSET=utf8;
/*!40101 SET character_set_client = @saved_cs_client */;

--
-- Dumping data for table `competence_job_title`
--

LOCK TABLES `competence_job_title` WRITE;
/*!40000 ALTER TABLE `competence_job_title` DISABLE KEYS */;
INSERT INTO `competence_job_title` VALUES (1,'2016-06-30 13:21:02','2016-06-30 13:21:02',1,1),(2,'2016-06-30 13:21:02','2016-06-30 13:21:02',1,2),(3,'2016-06-30 13:21:02','2016-06-30 13:21:02',1,3),(4,'2016-06-30 13:21:02','2016-06-30 13:21:02',1,4),(5,'2016-06-30 13:21:02','2016-06-30 13:21:02',1,5),(6,'2016-06-30 13:21:02','2016-06-30 13:21:02',1,6),(7,'2016-06-30 13:21:02','2016-06-30 13:21:02',2,7),(8,'2016-06-30 13:21:02','2016-06-30 13:21:02',2,8),(9,'2016-06-30 13:21:02','2016-06-30 13:21:02',3,9),(10,'2016-06-30 13:21:02','2016-06-30 13:21:02',3,10),(11,'2016-06-30 13:21:02','2016-06-30 13:21:02',3,11),(12,'2016-06-30 13:21:02','2016-06-30 13:21:02',3,12),(13,'2016-06-30 13:21:02','2016-06-30 13:21:02',3,13),(14,'2016-06-30 13:21:02','2016-06-30 13:21:02',4,14),(15,'2016-06-30 13:21:02','2016-06-30 13:21:02',4,15),(16,'2016-06-30 13:21:02','2016-06-30 13:21:02',4,16),(17,'2016-06-30 13:21:02','2016-06-30 13:21:02',4,17),(18,'2016-06-30 13:21:02','2016-06-30 13:21:02',4,18),(19,'2016-06-30 13:21:02','2016-06-30 13:21:02',4,19),(20,'2016-06-30 13:21:02','2016-06-30 13:21:02',4,20),(21,'2016-06-30 13:21:02','2016-06-30 13:21:02',4,21),(22,'2016-06-30 13:21:02','2016-06-30 13:21:02',4,22),(23,'2016-06-30 13:21:02','2016-06-30 13:21:02',4,23),(24,'2016-06-30 13:21:02','2016-06-30 13:21:02',4,24),(25,'2016-06-30 13:21:02','2016-06-30 13:21:02',4,25),(26,'2016-06-30 13:21:02','2016-06-30 13:21:02',4,26),(27,'2016-06-30 13:21:02','2016-06-30 13:21:02',4,27),(28,'2016-06-30 13:21:02','2016-06-30 13:21:02',4,28),(29,'2016-06-30 13:21:02','2016-06-30 13:21:02',4,29),(30,'2016-06-30 13:21:02','2016-06-30 13:21:02',4,30),(31,'2016-06-30 13:21:02','2016-06-30 13:21:02',4,31),(32,'2016-06-30 13:21:02','2016-06-30 13:21:02',4,32),(33,'2016-06-30 13:21:02','2016-06-30 13:21:02',4,33),(34,'2016-06-30 13:21:02','2016-06-30 13:21:02',5,34),(35,'2016-06-30 13:21:02','2016-06-30 13:21:02',5,35),(36,'2016-06-30 13:21:02','2016-06-30 13:21:02',5,36),(37,'2016-06-30 13:21:02','2016-06-30 13:21:02',5,37),(38,'2016-06-30 13:21:02','2016-06-30 13:21:02',6,38),(39,'2016-06-30 13:21:02','2016-06-30 13:21:02',6,39),(40,'2016-06-30 13:21:02','2016-06-30 13:21:02',6,40),(41,'2016-06-30 13:21:02','2016-06-30 13:21:02',6,41),(42,'2016-06-30 13:21:02','2016-06-30 13:21:02',7,42),(43,'2016-06-30 13:21:02','2016-06-30 13:21:02',7,43),(44,'2016-06-30 13:21:02','2016-06-30 13:21:02',8,44),(45,'2016-06-30 13:21:02','2016-06-30 13:21:02',8,45),(46,'2016-06-30 13:21:02','2016-06-30 13:21:02',8,46),(47,'2016-06-30 13:21:02','2016-06-30 13:21:02',8,47),(48,'2016-06-30 13:21:02','2016-06-30 13:21:02',8,48),(49,'2016-06-30 13:21:02','2016-06-30 13:21:02',8,49),(50,'2016-06-30 13:21:02','2016-06-30 13:21:02',8,50),(51,'2016-06-30 13:21:02','2016-06-30 13:21:02',8,51),(52,'2016-06-30 13:21:02','2016-06-30 13:21:02',8,52),(53,'2016-06-30 13:21:02','2016-06-30 13:21:02',8,53),(54,'2016-06-30 13:21:02','2016-06-30 13:21:02',8,54),(55,'2016-06-30 13:21:02','2016-06-30 13:21:02',8,55),(56,'2016-06-30 13:21:02','2016-06-30 13:21:02',8,56),(57,'2016-06-30 13:21:02','2016-06-30 13:21:02',9,57),(58,'2016-06-30 13:21:02','2016-06-30 13:21:02',10,58),(59,'2016-06-30 13:21:02','2016-06-30 13:21:02',10,59),(60,'2016-06-30 13:21:02','2016-06-30 13:21:02',10,60),(61,'2016-06-30 13:21:02','2016-06-30 13:21:02',10,61),(62,'2016-06-30 13:21:02','2016-06-30 13:21:02',10,62),(63,'2016-06-30 13:21:02','2016-06-30 13:21:02',10,63),(64,'2016-06-30 13:21:02','2016-06-30 13:21:02',10,64),(65,'2016-06-30 13:21:02','2016-06-30 13:21:02',10,65),(66,'2016-06-30 13:21:02','2016-06-30 13:21:02',11,66),(67,'2016-06-30 13:21:02','2016-06-30 13:21:02',11,67),(68,'2016-06-30 13:21:02','2016-06-30 13:21:02',11,68),(69,'2016-06-30 13:21:02','2016-06-30 13:21:02',11,69),(70,'2016-06-30 13:21:02','2016-06-30 13:21:02',11,70),(71,'2016-06-30 13:21:02','2016-06-30 13:21:02',11,71),(72,'2016-06-30 13:21:02','2016-06-30 13:21:02',11,72),(73,'2016-06-30 13:21:02','2016-06-30 13:21:02',11,73),(74,'2016-06-30 13:21:02','2016-06-30 13:21:02',12,74),(75,'2016-06-30 13:21:02','2016-06-30 13:21:02',12,75),(76,'2016-06-30 13:21:02','2016-06-30 13:21:02',12,76),(77,'2016-06-30 13:21:02','2016-06-30 13:21:02',12,77),(78,'2016-06-30 13:21:02','2016-06-30 13:21:02',12,78),(79,'2016-06-30 13:21:02','2016-06-30 13:21:02',12,79),(80,'2016-06-30 13:21:02','2016-06-30 13:21:02',12,80),(81,'2016-06-30 13:21:02','2016-06-30 13:21:02',12,81),(82,'2016-06-30 13:21:02','2016-06-30 13:21:02',13,82),(83,'2016-06-30 13:21:02','2016-06-30 13:21:02',13,83),(84,'2016-06-30 13:21:02','2016-06-30 13:21:02',13,84),(85,'2016-06-30 13:21:02','2016-06-30 13:21:02',14,85),(86,'2016-06-30 13:21:02','2016-06-30 13:21:02',14,86),(87,'2016-06-30 13:21:02','2016-06-30 13:21:02',14,87),(88,'2016-06-30 13:21:02','2016-06-30 13:21:02',15,88),(89,'2016-06-30 13:21:02','2016-06-30 13:21:02',16,89),(90,'2016-06-30 13:21:02','2016-06-30 13:21:02',16,90),(91,'2016-06-30 13:21:02','2016-06-30 13:21:02',16,91),(92,'2016-06-30 13:21:02','2016-06-30 13:21:02',16,92),(93,'2016-06-30 13:21:02','2016-06-30 13:21:02',16,93),(94,'2016-06-30 13:21:02','2016-06-30 13:21:02',16,94),(95,'2016-06-30 13:21:02','2016-06-30 13:21:02',16,95),(96,'2016-06-30 13:21:02','2016-06-30 13:21:02',16,96),(97,'2016-06-30 13:21:02','2016-06-30 13:21:02',17,97),(98,'2016-06-30 13:21:02','2016-06-30 13:21:02',17,98),(99,'2016-06-30 13:21:02','2016-06-30 13:21:02',17,99),(100,'2016-06-30 13:21:02','2016-06-30 13:21:02',17,100),(101,'2016-06-30 13:21:02','2016-06-30 13:21:02',18,101),(102,'2016-06-30 13:21:02','2016-06-30 13:21:02',18,102),(103,'2016-06-30 13:21:02','2016-06-30 13:21:02',18,103),(104,'2016-06-30 13:21:02','2016-06-30 13:21:02',18,104),(105,'2016-06-30 13:21:02','2016-06-30 13:21:02',18,105),(106,'2016-06-30 13:21:02','2016-06-30 13:21:02',18,106),(107,'2016-06-30 13:21:02','2016-06-30 13:21:02',18,107),(108,'2016-06-30 13:21:02','2016-06-30 13:21:02',19,108),(109,'2016-06-30 13:21:02','2016-06-30 13:21:02',19,109),(110,'2016-06-30 13:21:02','2016-06-30 13:21:02',19,110),(111,'2016-06-30 13:21:02','2016-06-30 13:21:02',19,111),(112,'2016-06-30 13:21:02','2016-06-30 13:21:02',19,112),(113,'2016-06-30 13:21:02','2016-06-30 13:21:02',19,113),(114,'2016-06-30 13:21:02','2016-06-30 13:21:02',19,114),(115,'2016-06-30 13:21:02','2016-06-30 13:21:02',19,115),(116,'2016-06-30 13:21:02','2016-06-30 13:21:02',19,116),(117,'2016-06-30 13:21:02','2016-06-30 13:21:02',20,108),(118,'2016-06-30 13:21:02','2016-06-30 13:21:02',20,109),(119,'2016-06-30 13:21:02','2016-06-30 13:21:02',20,110),(120,'2016-06-30 13:21:02','2016-06-30 13:21:02',20,111),(121,'2016-06-30 13:21:02','2016-06-30 13:21:02',20,112),(122,'2016-06-30 13:21:02','2016-06-30 13:21:02',20,113),(123,'2016-06-30 13:21:02','2016-06-30 13:21:02',20,114),(124,'2016-06-30 13:21:02','2016-06-30 13:21:02',20,115),(125,'2016-06-30 13:21:02','2016-06-30 13:21:02',20,116),(126,'2016-06-30 13:21:02','2016-06-30 13:21:02',21,108),(127,'2016-06-30 13:21:02','2016-06-30 13:21:02',21,109),(128,'2016-06-30 13:21:02','2016-06-30 13:21:02',21,110),(129,'2016-06-30 13:21:02','2016-06-30 13:21:02',21,111),(130,'2016-06-30 13:21:02','2016-06-30 13:21:02',21,112),(131,'2016-06-30 13:21:02','2016-06-30 13:21:02',21,113),(132,'2016-06-30 13:21:02','2016-06-30 13:21:02',21,114),(133,'2016-06-30 13:21:02','2016-06-30 13:21:02',21,115),(134,'2016-06-30 13:21:02','2016-06-30 13:21:02',21,116),(135,'2016-06-30 13:21:02','2016-06-30 13:21:02',22,108),(136,'2016-06-30 13:21:02','2016-06-30 13:21:02',22,109),(137,'2016-06-30 13:21:02','2016-06-30 13:21:02',22,110),(138,'2016-06-30 13:21:02','2016-06-30 13:21:02',22,111),(139,'2016-06-30 13:21:02','2016-06-30 13:21:02',22,112),(140,'2016-06-30 13:21:02','2016-06-30 13:21:02',22,113),(141,'2016-06-30 13:21:02','2016-06-30 13:21:02',22,114),(142,'2016-06-30 13:21:02','2016-06-30 13:21:02',22,115),(143,'2016-06-30 13:21:02','2016-06-30 13:21:02',22,116),(144,'2016-06-30 13:21:02','2016-06-30 13:21:02',23,108),(145,'2016-06-30 13:21:02','2016-06-30 13:21:02',23,109),(146,'2016-06-30 13:21:02','2016-06-30 13:21:02',23,110),(147,'2016-06-30 13:21:02','2016-06-30 13:21:02',23,111),(148,'2016-06-30 13:21:02','2016-06-30 13:21:02',23,112),(149,'2016-06-30 13:21:02','2016-06-30 13:21:02',23,113),(150,'2016-06-30 13:21:02','2016-06-30 13:21:02',23,114),(151,'2016-06-30 13:21:02','2016-06-30 13:21:02',23,115),(152,'2016-06-30 13:21:02','2016-06-30 13:21:02',23,116),(153,'2016-06-30 13:21:02','2016-06-30 13:21:02',24,108),(154,'2016-06-30 13:21:02','2016-06-30 13:21:02',24,109),(155,'2016-06-30 13:21:02','2016-06-30 13:21:02',24,110),(156,'2016-06-30 13:21:02','2016-06-30 13:21:02',24,111),(157,'2016-06-30 13:21:02','2016-06-30 13:21:02',24,112),(158,'2016-06-30 13:21:02','2016-06-30 13:21:02',24,113),(159,'2016-06-30 13:21:02','2016-06-30 13:21:02',24,114),(160,'2016-06-30 13:21:02','2016-06-30 13:21:02',24,115),(161,'2016-06-30 13:21:02','2016-06-30 13:21:02',24,116),(162,'2016-06-30 13:21:02','2016-06-30 13:21:02',25,117),(163,'2016-06-30 13:21:02','2016-06-30 13:21:02',25,118),(164,'2016-06-30 13:21:02','2016-06-30 13:21:02',25,119),(165,'2016-06-30 13:21:02','2016-06-30 13:21:02',25,120),(166,'2016-06-30 13:21:02','2016-06-30 13:21:02',26,108),(167,'2016-06-30 13:21:02','2016-06-30 13:21:02',26,109),(168,'2016-06-30 13:21:02','2016-06-30 13:21:02',26,110),(169,'2016-06-30 13:21:02','2016-06-30 13:21:02',26,111),(170,'2016-06-30 13:21:02','2016-06-30 13:21:02',26,112),(171,'2016-06-30 13:21:02','2016-06-30 13:21:02',26,113),(172,'2016-06-30 13:21:02','2016-06-30 13:21:02',26,114),(173,'2016-06-30 13:21:02','2016-06-30 13:21:02',26,115),(174,'2016-06-30 13:21:02','2016-06-30 13:21:02',26,116),(175,'2016-06-30 13:21:02','2016-06-30 13:21:02',27,108),(176,'2016-06-30 13:21:02','2016-06-30 13:21:02',27,109),(177,'2016-06-30 13:21:02','2016-06-30 13:21:02',27,110),(178,'2016-06-30 13:21:02','2016-06-30 13:21:02',27,111),(179,'2016-06-30 13:21:02','2016-06-30 13:21:02',27,112),(180,'2016-06-30 13:21:02','2016-06-30 13:21:02',27,113),(181,'2016-06-30 13:21:02','2016-06-30 13:21:02',27,114),(182,'2016-06-30 13:21:02','2016-06-30 13:21:02',27,115),(183,'2016-06-30 13:21:02','2016-06-30 13:21:02',27,116),(184,'2016-06-30 13:21:02','2016-06-30 13:21:02',28,121),(185,'2016-06-30 13:21:02','2016-06-30 13:21:02',28,122),(186,'2016-06-30 13:21:02','2016-06-30 13:21:02',28,123),(187,'2016-06-30 13:21:02','2016-06-30 13:21:02',28,124),(188,'2016-06-30 13:21:02','2016-06-30 13:21:02',28,125),(189,'2016-06-30 13:21:02','2016-06-30 13:21:02',28,126),(190,'2016-06-30 13:21:02','2016-06-30 13:21:02',28,127),(191,'2016-06-30 13:21:02','2016-06-30 13:21:02',28,128),(192,'2016-06-30 13:21:02','2016-06-30 13:21:02',29,129),(193,'2016-06-30 13:21:02','2016-06-30 13:21:02',29,130),(194,'2016-06-30 13:21:02','2016-06-30 13:21:02',29,131),(195,'2016-06-30 13:21:02','2016-06-30 13:21:02',29,132),(196,'2016-06-30 13:21:02','2016-06-30 13:21:02',29,133),(197,'2016-06-30 13:21:02','2016-06-30 13:21:02',30,134),(198,'2016-06-30 13:21:02','2016-06-30 13:21:02',30,135),(199,'2016-06-30 13:21:02','2016-06-30 13:21:02',30,136),(200,'2016-06-30 13:21:02','2016-06-30 13:21:02',30,137),(201,'2016-06-30 13:21:02','2016-06-30 13:21:02',30,138),(202,'2016-06-30 13:21:02','2016-06-30 13:21:02',30,139),(203,'2016-06-30 13:21:02','2016-06-30 13:21:02',30,140),(204,'2016-06-30 13:21:02','2016-06-30 13:21:02',30,141),(205,'2016-06-30 13:21:02','2016-06-30 13:21:02',31,142),(206,'2016-06-30 13:21:02','2016-06-30 13:21:02',31,143),(207,'2016-06-30 13:21:02','2016-06-30 13:21:02',31,144),(208,'2016-06-30 13:21:02','2016-06-30 13:21:02',31,145),(209,'2016-06-30 13:21:02','2016-06-30 13:21:02',31,146),(210,'2016-06-30 13:21:02','2016-06-30 13:21:02',31,147),(211,'2016-06-30 13:21:02','2016-06-30 13:21:02',31,148),(212,'2016-06-30 13:21:02','2016-06-30 13:21:02',31,149),(213,'2016-06-30 13:21:02','2016-06-30 13:21:02',32,108),(214,'2016-06-30 13:21:02','2016-06-30 13:21:02',32,150),(215,'2016-06-30 13:21:02','2016-06-30 13:21:02',32,110),(216,'2016-06-30 13:21:02','2016-06-30 13:21:02',32,151),(217,'2016-06-30 13:21:02','2016-06-30 13:21:02',32,111),(218,'2016-06-30 13:21:02','2016-06-30 13:21:02',32,152),(219,'2016-06-30 13:21:02','2016-06-30 13:21:02',32,153),(220,'2016-06-30 13:21:02','2016-06-30 13:21:02',32,114),(221,'2016-06-30 13:21:02','2016-06-30 13:21:02',32,116),(222,'2016-06-30 13:21:02','2016-06-30 13:21:02',32,154),(223,'2016-06-30 13:21:02','2016-06-30 13:21:02',32,155),(224,'2016-06-30 13:21:02','2016-06-30 13:21:02',32,156),(225,'2016-06-30 13:21:02','2016-06-30 13:21:02',33,108),(226,'2016-06-30 13:21:02','2016-06-30 13:21:02',33,109),(227,'2016-06-30 13:21:02','2016-06-30 13:21:02',33,110),(228,'2016-06-30 13:21:02','2016-06-30 13:21:02',33,111),(229,'2016-06-30 13:21:02','2016-06-30 13:21:02',33,112),(230,'2016-06-30 13:21:02','2016-06-30 13:21:02',33,113),(231,'2016-06-30 13:21:02','2016-06-30 13:21:02',33,114),(232,'2016-06-30 13:21:02','2016-06-30 13:21:02',33,115),(233,'2016-06-30 13:21:02','2016-06-30 13:21:02',33,116),(234,'2016-06-30 13:21:02','2016-06-30 13:21:02',34,108),(235,'2016-06-30 13:21:02','2016-06-30 13:21:02',34,109),(236,'2016-06-30 13:21:02','2016-06-30 13:21:02',34,110),(237,'2016-06-30 13:21:02','2016-06-30 13:21:02',34,111),(238,'2016-06-30 13:21:02','2016-06-30 13:21:02',34,112),(239,'2016-06-30 13:21:02','2016-06-30 13:21:02',34,113),(240,'2016-06-30 13:21:02','2016-06-30 13:21:02',34,114),(241,'2016-06-30 13:21:02','2016-06-30 13:21:02',34,115),(242,'2016-06-30 13:21:02','2016-06-30 13:21:02',34,116),(243,'2016-06-30 13:21:02','2016-06-30 13:21:02',35,157),(244,'2016-06-30 13:21:02','2016-06-30 13:21:02',36,158);
/*!40000 ALTER TABLE `competence_job_title` ENABLE KEYS */;
UNLOCK TABLES;

--
-- Table structure for table `course`
--

DROP TABLE IF EXISTS `course`;
/*!40101 SET @saved_cs_client     = @@character_set_client */;
/*!40101 SET character_set_client = utf8 */;
CREATE TABLE `course` (
  `id` int(11) NOT NULL AUTO_INCREMENT,
  `from_year` int(11) NOT NULL,
  `to_year` int(11) NOT NULL,
  `course_name` text NOT NULL,
  `course_description` text,
  `achievement` text,
  `created_at` datetime NOT NULL,
  `updated_at` datetime NOT NULL,
  `user_id` int(11) NOT NULL,
  PRIMARY KEY (`id`),
  KEY `user_id` (`user_id`),
  CONSTRAINT `course_ibfk_1` FOREIGN KEY (`user_id`) REFERENCES `user` (`id`) ON DELETE NO ACTION ON UPDATE CASCADE
) ENGINE=InnoDB AUTO_INCREMENT=19 DEFAULT CHARSET=utf8;
/*!40101 SET character_set_client = @saved_cs_client */;

--
-- Dumping data for table `course`
--

LOCK TABLES `course` WRITE;
/*!40000 ALTER TABLE `course` DISABLE KEYS */;
INSERT INTO `course` VALUES (2,2011,2013,'tangai','tangaidaicuong','vo dich','2016-06-30 13:56:54','2016-06-30 13:56:55',20),(3,2011,2013,'tangai','tangaidaicuong','vo dich','2016-06-30 13:56:54','2016-06-30 13:56:55',31),(4,2011,2013,'tangai','tangaidaicuong','vo dich','2016-06-30 13:56:54','2016-06-30 13:56:55',1),(5,2011,2013,'tangai','tangaidaicuong','vo dich','2016-06-30 13:56:54','2016-06-30 13:56:55',4),(6,2011,2013,'tan trai','tangaidaicuong','vo dich','2016-06-30 13:56:54','2016-06-30 13:56:55',31),(7,2011,2013,'tran trai','tangaidaicuong','vo dich','2016-06-30 13:56:54','2016-06-30 13:56:55',31),(8,2011,2013,'tran trai','tangaidaicuong','vo dich','2016-06-30 13:56:54','2016-06-30 13:56:55',20),(9,2011,2013,'tan trai','tangaidaicuong','vo dich','2016-06-30 13:56:54','2016-06-30 13:56:55',20),(10,2011,2013,'tan trai','tangaidaicuong','vo dich','2016-06-30 13:56:54','2016-06-30 13:56:55',1),(11,2011,2013,'tan trai','tangaidaicuong','vo dich','2016-06-30 13:56:54','2016-06-30 13:56:55',1),(12,2011,2013,'tan trai','tangaidaicuong','vo dich','2016-06-30 13:56:54','2016-06-30 13:56:55',1),(13,2011,2013,'tan trai','tangaidaicuong','vo dich','2016-06-30 13:56:54','2016-06-30 13:56:55',19),(14,2011,2013,'tangai','tangaidaicuong','vo dich','2016-06-30 13:56:54','2016-06-30 13:56:55',19),(15,2011,2013,'tangai','tangaidaicuong','vo dich','2016-06-30 13:56:54','2016-06-30 13:56:55',18),(16,2011,2013,'tangai','tangaidaicuong','vo dich','2016-06-30 13:56:54','2016-06-30 13:56:55',18),(17,2011,2013,'tangai','tangaidaicuong','vo dich','2016-06-30 13:56:54','2016-06-30 13:56:55',1),(18,2011,2013,'tangai','tangaidaicuong','vo dich','2016-06-30 13:56:54','2016-06-30 13:56:55',1);
/*!40000 ALTER TABLE `course` ENABLE KEYS */;
UNLOCK TABLES;

--
-- Table structure for table `department`
--

DROP TABLE IF EXISTS `department`;
/*!40101 SET @saved_cs_client     = @@character_set_client */;
/*!40101 SET character_set_client = utf8 */;
CREATE TABLE `department` (
  `id` int(11) NOT NULL AUTO_INCREMENT,
  `name` varchar(100) NOT NULL,
  `code` varchar(10) NOT NULL,
  `created_at` datetime NOT NULL,
  `updated_at` datetime NOT NULL,
  PRIMARY KEY (`id`)
) ENGINE=InnoDB AUTO_INCREMENT=7 DEFAULT CHARSET=utf8;
/*!40101 SET character_set_client = @saved_cs_client */;

--
-- Dumping data for table `department`
--

LOCK TABLES `department` WRITE;
/*!40000 ALTER TABLE `department` DISABLE KEYS */;
INSERT INTO `department` VALUES (1,'Business Development','BD','2016-06-30 13:21:02','2016-06-30 13:21:02'),(2,'Finance','FA','2016-06-30 13:21:02','2016-06-30 13:21:02'),(3,'Human Resource','HR','2016-06-30 13:21:02','2016-06-30 13:21:02'),(4,'IT','IT','2016-06-30 13:21:02','2016-06-30 13:21:02'),(5,'Software Development','SD','2016-06-30 13:21:02','2016-06-30 13:21:02'),(6,'Marketing','MARKETING','2016-06-30 13:21:02','2016-06-30 13:21:02');
/*!40000 ALTER TABLE `department` ENABLE KEYS */;
UNLOCK TABLES;

--
-- Table structure for table `education`
--

DROP TABLE IF EXISTS `education`;
/*!40101 SET @saved_cs_client     = @@character_set_client */;
/*!40101 SET character_set_client = utf8 */;
CREATE TABLE `education` (
  `id` int(11) NOT NULL AUTO_INCREMENT,
  `from_year` int(11) NOT NULL,
  `to_year` int(11) NOT NULL,
  `university_college_name` varchar(255) NOT NULL,
  `major` varchar(255) NOT NULL,
  `created_at` datetime NOT NULL,
  `updated_at` datetime NOT NULL,
  `user_id` int(11) NOT NULL,
  PRIMARY KEY (`id`),
  KEY `user_id` (`user_id`),
  CONSTRAINT `education_ibfk_1` FOREIGN KEY (`user_id`) REFERENCES `user` (`id`) ON DELETE NO ACTION ON UPDATE CASCADE
) ENGINE=InnoDB AUTO_INCREMENT=2 DEFAULT CHARSET=utf8;
/*!40101 SET character_set_client = @saved_cs_client */;

--
-- Dumping data for table `education`
--

LOCK TABLES `education` WRITE;
/*!40000 ALTER TABLE `education` DISABLE KEYS */;
/*!40000 ALTER TABLE `education` ENABLE KEYS */;
UNLOCK TABLES;

--
-- Table structure for table `employee_history`
--

DROP TABLE IF EXISTS `employee_history`;
/*!40101 SET @saved_cs_client     = @@character_set_client */;
/*!40101 SET character_set_client = utf8 */;
CREATE TABLE `employee_history` (
  `id` int(11) NOT NULL AUTO_INCREMENT,
  `from_year` int(11) NOT NULL,
  `to_year` int(11) NOT NULL,
  `company_name` text NOT NULL,
  `position` text,
  `created_at` datetime NOT NULL,
  `updated_at` datetime NOT NULL,
  `user_id` int(11) NOT NULL,
  PRIMARY KEY (`id`),
  KEY `user_id` (`user_id`),
  CONSTRAINT `employee_history_ibfk_1` FOREIGN KEY (`user_id`) REFERENCES `user` (`id`) ON DELETE NO ACTION ON UPDATE CASCADE
) ENGINE=InnoDB AUTO_INCREMENT=2 DEFAULT CHARSET=utf8;
/*!40101 SET character_set_client = @saved_cs_client */;

--
-- Dumping data for table `employee_history`
--

LOCK TABLES `employee_history` WRITE;
/*!40000 ALTER TABLE `employee_history` DISABLE KEYS */;
/*!40000 ALTER TABLE `employee_history` ENABLE KEYS */;
UNLOCK TABLES;

--
-- Table structure for table `experience`
--

DROP TABLE IF EXISTS `experience`;
/*!40101 SET @saved_cs_client     = @@character_set_client */;
/*!40101 SET character_set_client = utf8 */;
CREATE TABLE `experience` (
  `id` int(11) NOT NULL AUTO_INCREMENT,
  `level` int(11) NOT NULL,
  `description` varchar(500) NOT NULL,
  `created_at` datetime NOT NULL,
  `updated_at` datetime NOT NULL,
  PRIMARY KEY (`id`)
) ENGINE=InnoDB AUTO_INCREMENT=7 DEFAULT CHARSET=utf8;
/*!40101 SET character_set_client = @saved_cs_client */;

--
-- Dumping data for table `experience`
--

LOCK TABLES `experience` WRITE;
/*!40000 ALTER TABLE `experience` DISABLE KEYS */;
INSERT INTO `experience` VALUES (1,0,'0 month','2016-06-30 13:21:02','2016-06-30 13:21:02'),(2,1,'1-6 months','2016-06-30 13:21:02','2016-06-30 13:21:02'),(3,2,'6-12 months','2016-06-30 13:21:02','2016-06-30 13:21:02'),(4,3,'1-2 years','2016-06-30 13:21:02','2016-06-30 13:21:02'),(5,4,'2-5 years','2016-06-30 13:21:02','2016-06-30 13:21:02'),(6,5,'>5 years','2016-06-30 13:21:02','2016-06-30 13:21:02');
/*!40000 ALTER TABLE `experience` ENABLE KEYS */;
UNLOCK TABLES;

--
-- Table structure for table `expertise`
--

DROP TABLE IF EXISTS `expertise`;
/*!40101 SET @saved_cs_client     = @@character_set_client */;
/*!40101 SET character_set_client = utf8 */;
CREATE TABLE `expertise` (
  `id` int(11) NOT NULL AUTO_INCREMENT,
  `level` int(11) NOT NULL,
  `description` varchar(500) NOT NULL,
  `created_at` datetime NOT NULL,
  `updated_at` datetime NOT NULL,
  PRIMARY KEY (`id`)
) ENGINE=InnoDB AUTO_INCREMENT=6 DEFAULT CHARSET=utf8;
/*!40101 SET character_set_client = @saved_cs_client */;

--
-- Dumping data for table `expertise`
--

LOCK TABLES `expertise` WRITE;
/*!40000 ALTER TABLE `expertise` DISABLE KEYS */;
INSERT INTO `expertise` VALUES (1,1,'Beginner','2016-06-30 13:21:02','2016-06-30 13:21:02'),(2,2,'Always have to use manuals','2016-06-30 13:21:02','2016-06-30 13:21:02'),(3,3,'Sometimes have to use mannuals','2016-06-30 13:21:02','2016-06-30 13:21:02'),(4,4,'Can solve problems','2016-06-30 13:21:02','2016-06-30 13:21:02'),(5,5,'Expert','2016-06-30 13:21:02','2016-06-30 13:21:02');
/*!40000 ALTER TABLE `expertise` ENABLE KEYS */;
UNLOCK TABLES;

--
-- Table structure for table `job_title`
--

DROP TABLE IF EXISTS `job_title`;
/*!40101 SET @saved_cs_client     = @@character_set_client */;
/*!40101 SET character_set_client = utf8 */;
CREATE TABLE `job_title` (
  `id` int(11) NOT NULL AUTO_INCREMENT,
  `name` varchar(100) NOT NULL,
  `created_at` datetime NOT NULL,
  `updated_at` datetime NOT NULL,
  PRIMARY KEY (`id`)
) ENGINE=InnoDB AUTO_INCREMENT=159 DEFAULT CHARSET=utf8;
/*!40101 SET character_set_client = @saved_cs_client */;

--
-- Dumping data for table `job_title`
--

LOCK TABLES `job_title` WRITE;
/*!40000 ALTER TABLE `job_title` DISABLE KEYS */;
INSERT INTO `job_title` VALUES (1,'Account Manager','2016-06-30 13:21:02','2016-06-30 13:21:02'),(2,'Business Development Director','2016-06-30 13:21:02','2016-06-30 13:21:02'),(3,'Business Development Executive','2016-06-30 13:21:02','2016-06-30 13:21:02'),(4,'Business Development Manager','2016-06-30 13:21:02','2016-06-30 13:21:02'),(5,'Sales Support','2016-06-30 13:21:02','2016-06-30 13:21:02'),(6,'Senior Sale Executive','2016-06-30 13:21:02','2016-06-30 13:21:02'),(7,'Bid Manager','2016-06-30 13:21:02','2016-06-30 13:21:02'),(8,'Presales Specialist','2016-06-30 13:21:02','2016-06-30 13:21:02'),(9,'Finance and Accounting Manager','2016-06-30 13:21:02','2016-06-30 13:21:02'),(10,'Finance Director','2016-06-30 13:21:02','2016-06-30 13:21:02'),(11,'Finance Manager','2016-06-30 13:21:02','2016-06-30 13:21:02'),(12,'Group & Management Reporting Manager','2016-06-30 13:21:02','2016-06-30 13:21:02'),(13,'Vietnam Finance Controller','2016-06-30 13:21:02','2016-06-30 13:21:02'),(14,'Accountant','2016-06-30 13:21:02','2016-06-30 13:21:02'),(15,'Accountant Assistant','2016-06-30 13:21:02','2016-06-30 13:21:02'),(16,'APAC Billing Accountant','2016-06-30 13:21:02','2016-06-30 13:21:02'),(17,'AR & Billing Team Leader','2016-06-30 13:21:02','2016-06-30 13:21:02'),(18,'Asset Management Executive','2016-06-30 13:21:02','2016-06-30 13:21:02'),(19,'Asset Management Team Lead','2016-06-30 13:21:02','2016-06-30 13:21:02'),(20,'Assistant APC Accounting Manager','2016-06-30 13:21:02','2016-06-30 13:21:02'),(21,'Assistant Interco Accountant','2016-06-30 13:21:02','2016-06-30 13:21:02'),(22,'Billing Accountant','2016-06-30 13:21:02','2016-06-30 13:21:02'),(23,'Billing Team Lead','2016-06-30 13:21:02','2016-06-30 13:21:02'),(24,'Branch Accountant','2016-06-30 13:21:02','2016-06-30 13:21:02'),(25,'Financial Analyst','2016-06-30 13:21:02','2016-06-30 13:21:02'),(26,'General Accountant','2016-06-30 13:21:02','2016-06-30 13:21:02'),(27,'Management Accountant','2016-06-30 13:21:02','2016-06-30 13:21:02'),(28,'Payable Accountant','2016-06-30 13:21:02','2016-06-30 13:21:02'),(29,'Purchasing Executive','2016-06-30 13:21:02','2016-06-30 13:21:02'),(30,'Purchasing Officer','2016-06-30 13:21:02','2016-06-30 13:21:02'),(31,'Purchasing Team Lead','2016-06-30 13:21:02','2016-06-30 13:21:02'),(32,'Senior Purchasing Officer','2016-06-30 13:21:02','2016-06-30 13:21:02'),(33,'Treasusy Accountant','2016-06-30 13:21:02','2016-06-30 13:21:02'),(34,'HR Director','2016-06-30 13:21:02','2016-06-30 13:21:02'),(35,'HR Manager','2016-06-30 13:21:02','2016-06-30 13:21:02'),(36,'Human Resource Lead','2016-06-30 13:21:02','2016-06-30 13:21:02'),(37,'Senior HR Manager','2016-06-30 13:21:02','2016-06-30 13:21:02'),(38,'C&B Executive','2016-06-30 13:21:02','2016-06-30 13:21:02'),(39,'C&B Specialist','2016-06-30 13:21:02','2016-06-30 13:21:02'),(40,'C&B Team Lead','2016-06-30 13:21:02','2016-06-30 13:21:02'),(41,'Senior HR Executive','2016-06-30 13:21:02','2016-06-30 13:21:02'),(42,'Communication Designer','2016-06-30 13:21:02','2016-06-30 13:21:02'),(43,'Marketing & Communication Executive','2016-06-30 13:21:02','2016-06-30 13:21:02'),(44,'Admin & Facilities Team Lead','2016-06-30 13:21:02','2016-06-30 13:21:02'),(45,'Admin Assistant','2016-06-30 13:21:02','2016-06-30 13:21:02'),(46,'Admin Executive','2016-06-30 13:21:02','2016-06-30 13:21:02'),(47,'Admin Manager','2016-06-30 13:21:02','2016-06-30 13:21:02'),(48,'Admin Officer','2016-06-30 13:21:02','2016-06-30 13:21:02'),(49,'Admin Team Lead','2016-06-30 13:21:02','2016-06-30 13:21:02'),(50,'Delivery Admin Assistant','2016-06-30 13:21:02','2016-06-30 13:21:02'),(51,'Delivery Assistant','2016-06-30 13:21:02','2016-06-30 13:21:02'),(52,'PMO Admin','2016-06-30 13:21:02','2016-06-30 13:21:02'),(53,'Receptionist','2016-06-30 13:21:02','2016-06-30 13:21:02'),(54,'Senior Admin Executive','2016-06-30 13:21:02','2016-06-30 13:21:02'),(55,'Senior Admin Manager','2016-06-30 13:21:02','2016-06-30 13:21:02'),(56,'Tea-lady','2016-06-30 13:21:02','2016-06-30 13:21:02'),(57,'HR Business Partner','2016-06-30 13:21:02','2016-06-30 13:21:02'),(58,'Fresher Coordinator','2016-06-30 13:21:02','2016-06-30 13:21:02'),(59,'Recruitment & Talent Development Manager','2016-06-30 13:21:02','2016-06-30 13:21:02'),(60,'Recruitment Executive','2016-06-30 13:21:02','2016-06-30 13:21:02'),(61,'Recruitment Intern','2016-06-30 13:21:02','2016-06-30 13:21:02'),(62,'Recruitment Officer','2016-06-30 13:21:02','2016-06-30 13:21:02'),(63,'Recruitment Team Lead','2016-06-30 13:21:02','2016-06-30 13:21:02'),(64,'Senior Recruitment & Talent Development Manager','2016-06-30 13:21:02','2016-06-30 13:21:02'),(65,'Senior Recruitment Executive','2016-06-30 13:21:02','2016-06-30 13:21:02'),(66,'Department Manager','2016-06-30 13:21:02','2016-06-30 13:21:02'),(67,'Head of Resources Planning','2016-06-30 13:21:02','2016-06-30 13:21:02'),(68,'Resource Management Executive','2016-06-30 13:21:02','2016-06-30 13:21:02'),(69,'Resource Management Intern','2016-06-30 13:21:02','2016-06-30 13:21:02'),(70,'Resource Manager','2016-06-30 13:21:02','2016-06-30 13:21:02'),(71,'Resource Planner','2016-06-30 13:21:02','2016-06-30 13:21:02'),(72,'Resources Planning Executive','2016-06-30 13:21:02','2016-06-30 13:21:02'),(73,'Senior Department Manager','2016-06-30 13:21:02','2016-06-30 13:21:02'),(74,'Senior Training Manager','2016-06-30 13:21:02','2016-06-30 13:21:02'),(75,'Training & Development Assistant','2016-06-30 13:21:02','2016-06-30 13:21:02'),(76,'Training & Development Specialist','2016-06-30 13:21:02','2016-06-30 13:21:02'),(77,'Training & Development Team Lead','2016-06-30 13:21:02','2016-06-30 13:21:02'),(78,'Training Executive','2016-06-30 13:21:02','2016-06-30 13:21:02'),(79,'Training Intern','2016-06-30 13:21:02','2016-06-30 13:21:02'),(80,'Training Manager','2016-06-30 13:21:02','2016-06-30 13:21:02'),(81,'Training Specialist','2016-06-30 13:21:02','2016-06-30 13:21:02'),(82,'IT Manager','2016-06-30 13:21:02','2016-06-30 13:21:02'),(83,'IT Manager cum Chief Security Officer','2016-06-30 13:21:02','2016-06-30 13:21:02'),(84,'IT Operations Director','2016-06-30 13:21:02','2016-06-30 13:21:02'),(85,'Assistant IT Manager','2016-06-30 13:21:02','2016-06-30 13:21:02'),(86,'IT Team Lead','2016-06-30 13:21:02','2016-06-30 13:21:02'),(87,'Network Team Lead','2016-06-30 13:21:02','2016-06-30 13:21:02'),(88,'Server Team Lead','2016-06-30 13:21:02','2016-06-30 13:21:02'),(89,'Helpdesk Team Lead','2016-06-30 13:21:02','2016-06-30 13:21:02'),(90,'IT Network Engineer','2016-06-30 13:21:02','2016-06-30 13:21:02'),(91,'IT Support','2016-06-30 13:21:02','2016-06-30 13:21:02'),(92,'IT Support Team Lead','2016-06-30 13:21:02','2016-06-30 13:21:02'),(93,'IT System Engineer','2016-06-30 13:21:02','2016-06-30 13:21:02'),(94,'IT UK offshore resource','2016-06-30 13:21:02','2016-06-30 13:21:02'),(95,'Network Specialist/VN Group IT Team Leader','2016-06-30 13:21:02','2016-06-30 13:21:02'),(96,'System Team Leader','2016-06-30 13:21:02','2016-06-30 13:21:02'),(97,'Communicator Leader','2016-06-30 13:21:02','2016-06-30 13:21:02'),(98,'Japanese Comtor','2016-06-30 13:21:02','2016-06-30 13:21:02'),(99,'Project Administrator','2016-06-30 13:21:02','2016-06-30 13:21:02'),(100,'Senior Japanese Communicator','2016-06-30 13:21:02','2016-06-30 13:21:02'),(101,'Associate Business Analyst','2016-06-30 13:21:02','2016-06-30 13:21:02'),(102,'Business Analyst','2016-06-30 13:21:02','2016-06-30 13:21:02'),(103,'Business Analyst Manager','2016-06-30 13:21:02','2016-06-30 13:21:02'),(104,'Business Domain Expert','2016-06-30 13:21:02','2016-06-30 13:21:02'),(105,'HN BA Team Manager','2016-06-30 13:21:02','2016-06-30 13:21:02'),(106,'Principal Business Analyst','2016-06-30 13:21:02','2016-06-30 13:21:02'),(107,'Senior Business Analyst','2016-06-30 13:21:02','2016-06-30 13:21:02'),(108,'Associate Software Engineer','2016-06-30 13:21:02','2016-06-30 13:21:02'),(109,'Engineering Manager','2016-06-30 13:21:02','2016-06-30 13:21:02'),(110,'Principal Software Engineer','2016-06-30 13:21:02','2016-06-30 13:21:02'),(111,'Senior Software Engineer','2016-06-30 13:21:02','2016-06-30 13:21:02'),(112,'Senior Solution Architect','2016-06-30 13:21:02','2016-06-30 13:21:02'),(113,'Sharepoint Admin','2016-06-30 13:21:02','2016-06-30 13:21:02'),(114,'Software Engineer','2016-06-30 13:21:02','2016-06-30 13:21:02'),(115,'Solution Architect','2016-06-30 13:21:02','2016-06-30 13:21:02'),(116,'Technical R&D Lead','2016-06-30 13:21:02','2016-06-30 13:21:02'),(117,'Managing Director','2016-06-30 13:21:02','2016-06-30 13:21:02'),(118,'Operation Manager','2016-06-30 13:21:02','2016-06-30 13:21:02'),(119,'Technical Director','2016-06-30 13:21:02','2016-06-30 13:21:02'),(120,'Technical Manager','2016-06-30 13:21:02','2016-06-30 13:21:02'),(121,'Associate Project Manager','2016-06-30 13:21:02','2016-06-30 13:21:02'),(122,'Delivery Director','2016-06-30 13:21:02','2016-06-30 13:21:02'),(123,'Delivery Manager','2016-06-30 13:21:02','2016-06-30 13:21:02'),(124,'Japan Development Center Manager','2016-06-30 13:21:02','2016-06-30 13:21:02'),(125,'PMO Head','2016-06-30 13:21:02','2016-06-30 13:21:02'),(126,'Program Manager','2016-06-30 13:21:02','2016-06-30 13:21:02'),(127,'Project Manager','2016-06-30 13:21:02','2016-06-30 13:21:02'),(128,'Senior Project Manager','2016-06-30 13:21:02','2016-06-30 13:21:02'),(129,'Associate QA Engineer','2016-06-30 13:21:02','2016-06-30 13:21:02'),(130,'Principal QA Engineer','2016-06-30 13:21:02','2016-06-30 13:21:02'),(131,'QA Engineer','2016-06-30 13:21:02','2016-06-30 13:21:02'),(132,'QA Manager','2016-06-30 13:21:02','2016-06-30 13:21:02'),(133,'Senior QA Engineer','2016-06-30 13:21:02','2016-06-30 13:21:02'),(134,'Associate QC Engineer','2016-06-30 13:21:02','2016-06-30 13:21:02'),(135,'HN QC Team Manager','2016-06-30 13:21:02','2016-06-30 13:21:02'),(136,'Principal QC Engineer','2016-06-30 13:21:02','2016-06-30 13:21:02'),(137,'QC Engineer','2016-06-30 13:21:02','2016-06-30 13:21:02'),(138,'QC Manager','2016-06-30 13:21:02','2016-06-30 13:21:02'),(139,'QC Specialist','2016-06-30 13:21:02','2016-06-30 13:21:02'),(140,'Senior QC Engineer','2016-06-30 13:21:02','2016-06-30 13:21:02'),(141,'Testing Solution Architect','2016-06-30 13:21:02','2016-06-30 13:21:02'),(142,'Application Support Team Lead','2016-06-30 13:21:02','2016-06-30 13:21:02'),(143,'Associate Support Analyst','2016-06-30 13:21:02','2016-06-30 13:21:02'),(144,'Principal Support Analyst','2016-06-30 13:21:02','2016-06-30 13:21:02'),(145,'Senior Service Manager','2016-06-30 13:21:02','2016-06-30 13:21:02'),(146,'Senior Support Analyst','2016-06-30 13:21:02','2016-06-30 13:21:02'),(147,'Service Manager','2016-06-30 13:21:02','2016-06-30 13:21:02'),(148,'Support Analyst','2016-06-30 13:21:02','2016-06-30 13:21:02'),(149,'Support Analyst Team Manager','2016-06-30 13:21:02','2016-06-30 13:21:02'),(150,'Associate UI Designer','2016-06-30 13:21:02','2016-06-30 13:21:02'),(151,'Principal UI Designer','2016-06-30 13:21:02','2016-06-30 13:21:02'),(152,'Senior UI Design Specialist','2016-06-30 13:21:02','2016-06-30 13:21:02'),(153,'Senior UI Designer','2016-06-30 13:21:02','2016-06-30 13:21:02'),(154,'UI Design Manager','2016-06-30 13:21:02','2016-06-30 13:21:02'),(155,'UI Design Specialist','2016-06-30 13:21:02','2016-06-30 13:21:02'),(156,'UI Designer','2016-06-30 13:21:02','2016-06-30 13:21:02'),(157,'Server Administrator','2016-06-30 13:21:02','2016-06-30 13:21:02'),(158,'Marketing Manager','2016-06-30 13:21:02','2016-06-30 13:21:02');
/*!40000 ALTER TABLE `job_title` ENABLE KEYS */;
UNLOCK TABLES;

--
-- Table structure for table `role`
--

DROP TABLE IF EXISTS `role`;
/*!40101 SET @saved_cs_client     = @@character_set_client */;
/*!40101 SET character_set_client = utf8 */;
CREATE TABLE `role` (
  `id` int(11) NOT NULL AUTO_INCREMENT,
  `name` varchar(20) NOT NULL,
  `created_at` datetime NOT NULL,
  `updated_at` datetime NOT NULL,
  PRIMARY KEY (`id`)
) ENGINE=InnoDB AUTO_INCREMENT=6 DEFAULT CHARSET=utf8;
/*!40101 SET character_set_client = @saved_cs_client */;

--
-- Dumping data for table `role`
--

LOCK TABLES `role` WRITE;
/*!40000 ALTER TABLE `role` DISABLE KEYS */;
INSERT INTO `role` VALUES (1,'Employee','2016-06-30 13:21:02','2016-06-30 13:21:02'),(2,'Admin','2016-06-30 13:21:02','2016-06-30 13:21:02'),(3,'SM','2016-06-30 13:21:02','2016-06-30 13:21:02'),(4,'PM','2016-06-30 13:21:02','2016-06-30 13:21:02'),(5,'EgM/LM','2016-06-30 13:21:02','2016-06-30 13:21:02');
/*!40000 ALTER TABLE `role` ENABLE KEYS */;
UNLOCK TABLES;

--
-- Table structure for table `skill`
--

DROP TABLE IF EXISTS `skill`;
/*!40101 SET @saved_cs_client     = @@character_set_client */;
/*!40101 SET character_set_client = utf8 */;
CREATE TABLE `skill` (
  `id` int(11) NOT NULL AUTO_INCREMENT,
  `name` varchar(100) NOT NULL,
  `parent_id` int(11) NOT NULL,
  `level` int(11) NOT NULL,
  `created_at` datetime NOT NULL,
  `updated_at` datetime NOT NULL,
  PRIMARY KEY (`id`)
) ENGINE=InnoDB AUTO_INCREMENT=462 DEFAULT CHARSET=utf8;
/*!40101 SET character_set_client = @saved_cs_client */;

--
-- Dumping data for table `skill`
--

LOCK TABLES `skill` WRITE;
/*!40000 ALTER TABLE `skill` DISABLE KEYS */;
INSERT INTO `skill` VALUES (1,'CERTIFICATE',0,0,'2016-06-30 13:21:02','2016-06-30 13:21:02'),(2,'DATABASE',0,0,'2016-06-30 13:21:02','2016-06-30 13:21:02'),(3,'COMMUNICATION',0,0,'2016-06-30 13:21:02','2016-06-30 13:21:02'),(4,'MESSAGING',0,0,'2016-06-30 13:21:02','2016-06-30 13:21:02'),(5,'SERVICE',0,0,'2016-06-30 13:21:02','2016-06-30 13:21:02'),(6,'PRESENTATION',0,0,'2016-06-30 13:21:02','2016-06-30 13:21:02'),(7,'PROGRAMMING LANGUAGE',0,0,'2016-06-30 13:21:02','2016-06-30 13:21:02'),(8,'APPLICATION SERVER',0,0,'2016-06-30 13:21:02','2016-06-30 13:21:02'),(9,'IDE/API PROGRAMMING TOOLS',0,0,'2016-06-30 13:21:02','2016-06-30 13:21:02'),(10,'PROFILER TOOLS',0,0,'2016-06-30 13:21:02','2016-06-30 13:21:02'),(11,'APPLICATION (TESTING) TYPE',0,0,'2016-06-30 13:21:02','2016-06-30 13:21:02'),(12,'CI TOOLS',0,0,'2016-06-30 13:21:02','2016-06-30 13:21:02'),(13,'TEST TOOLS',0,0,'2016-06-30 13:21:02','2016-06-30 13:21:02'),(14,'MINI OS',0,0,'2016-06-30 13:21:02','2016-06-30 13:21:02'),(15,'PC OS',0,0,'2016-06-30 13:21:02','2016-06-30 13:21:02'),(16,'SHAREPOINT',0,0,'2016-06-30 13:21:02','2016-06-30 13:21:02'),(17,'DESIGN TOOLS',0,0,'2016-06-30 13:21:02','2016-06-30 13:21:02'),(18,'ESB PLATFORM',0,0,'2016-06-30 13:21:02','2016-06-30 13:21:02'),(19,'WEB FRAMEWORK',0,0,'2016-06-30 13:21:02','2016-06-30 13:21:02'),(20,'PROTOCOL',0,0,'2016-06-30 13:21:02','2016-06-30 13:21:02'),(21,'INTEGRATION',0,0,'2016-06-30 13:21:02','2016-06-30 13:21:02'),(22,'BUSINESS ANALYST - DOMAIN',0,0,'2016-06-30 13:21:02','2016-06-30 13:21:02'),(23,'TESTING TYPE',0,0,'2016-06-30 13:21:02','2016-06-30 13:21:02'),(24,'BUSINESS ANALYST - SDLC',0,0,'2016-06-30 13:21:02','2016-06-30 13:21:02'),(25,'CACHING FRAMEWORK',0,0,'2016-06-30 13:21:02','2016-06-30 13:21:02'),(26,'CLOUD',0,0,'2016-06-30 13:21:02','2016-06-30 13:21:02'),(27,'CMS/E-COMMERCE',0,0,'2016-06-30 13:21:02','2016-06-30 13:21:02'),(28,'CMS/PORTAL PLATFORM',0,0,'2016-06-30 13:21:02','2016-06-30 13:21:02'),(29,'CROSS PLATFORM',0,0,'2016-06-30 13:21:02','2016-06-30 13:21:02'),(30,'CSS FRAMEWORK',0,0,'2016-06-30 13:21:02','2016-06-30 13:21:02'),(31,'DATA ACCESS',0,0,'2016-06-30 13:21:02','2016-06-30 13:21:02'),(32,'FRAMEWORK',0,0,'2016-06-30 13:21:02','2016-06-30 13:21:02'),(33,'FRONT END - WEB',0,0,'2016-06-30 13:21:02','2016-06-30 13:21:02'),(34,'JAVA EE',0,0,'2016-06-30 13:21:02','2016-06-30 13:21:02'),(35,'MOBILE PLATFORM',0,0,'2016-06-30 13:21:02','2016-06-30 13:21:02'),(36,'MCTS',1,1,'2016-06-30 13:21:02','2016-06-30 13:21:02'),(37,'MCPD',1,1,'2016-06-30 13:21:02','2016-06-30 13:21:02'),(38,'MCSD',1,1,'2016-06-30 13:21:02','2016-06-30 13:21:02'),(39,'ISTQB Foundation -  Agile Tester Extension',1,1,'2016-06-30 13:21:02','2016-06-30 13:21:02'),(40,'ISTQB Advanced - Test Analyst',1,1,'2016-06-30 13:21:02','2016-06-30 13:21:02'),(41,'SCJP',1,1,'2016-06-30 13:21:02','2016-06-30 13:21:02'),(42,'SCWCD',1,1,'2016-06-30 13:21:02','2016-06-30 13:21:02'),(43,'SCBCD',1,1,'2016-06-30 13:21:02','2016-06-30 13:21:02'),(44,'CSJWS',1,1,'2016-06-30 13:21:02','2016-06-30 13:21:02'),(45,'CAST',1,1,'2016-06-30 13:21:02','2016-06-30 13:21:02'),(46,'CSTE',1,1,'2016-06-30 13:21:02','2016-06-30 13:21:02'),(47,'CMST',1,1,'2016-06-30 13:21:02','2016-06-30 13:21:02'),(48,'CASQ',1,1,'2016-06-30 13:21:02','2016-06-30 13:21:02'),(49,'CSQA',1,1,'2016-06-30 13:21:02','2016-06-30 13:21:02'),(50,'CMSQ',1,1,'2016-06-30 13:21:02','2016-06-30 13:21:02'),(51,'Others',1,1,'2016-06-30 13:21:02','2016-06-30 13:21:02'),(52,'HP AIS - Loadrunner',1,1,'2016-06-30 13:21:02','2016-06-30 13:21:02'),(53,'HP ASE Functional Testing',1,1,'2016-06-30 13:21:02','2016-06-30 13:21:02'),(54,'HP ATP Performance Center',1,1,'2016-06-30 13:21:02','2016-06-30 13:21:02'),(55,'ISTQB Expert',1,1,'2016-06-30 13:21:02','2016-06-30 13:21:02'),(56,'LCTP 1 - Basic Software Testing Skills',1,1,'2016-06-30 13:21:02','2016-06-30 13:21:02'),(57,'LCTP 2 - New Test Engineer Surviral Skills',1,1,'2016-06-30 13:21:02','2016-06-30 13:21:02'),(58,'MCSA',1,1,'2016-06-30 13:21:02','2016-06-30 13:21:02'),(59,'MCSE',1,1,'2016-06-30 13:21:02','2016-06-30 13:21:02'),(60,'Oracle (OCA/OCP)',1,1,'2016-06-30 13:21:02','2016-06-30 13:21:02'),(61,'PMP',1,1,'2016-06-30 13:21:02','2016-06-30 13:21:02'),(62,'PRINCE2',1,1,'2016-06-30 13:21:02','2016-06-30 13:21:02'),(63,'SCRUM (SCM)',1,1,'2016-06-30 13:21:02','2016-06-30 13:21:02'),(64,'Technical Test Analyst',1,1,'2016-06-30 13:21:02','2016-06-30 13:21:02'),(65,'HP ASE LoadRunner',1,1,'2016-06-30 13:21:02','2016-06-30 13:21:02'),(66,'HP ATP Unified Functional Testing',1,1,'2016-06-30 13:21:02','2016-06-30 13:21:02'),(67,'ISTQB Advanced -Test Manager',1,1,'2016-06-30 13:21:02','2016-06-30 13:21:02'),(68,'MCSE BI (70-466,70-467)',1,1,'2016-06-30 13:21:02','2016-06-30 13:21:02'),(69,'MCSE Data Platform (70-464,70-465)',1,1,'2016-06-30 13:21:02','2016-06-30 13:21:02'),(70,'Microsoft ADO',2,1,'2016-06-30 13:21:02','2016-06-30 13:21:02'),(71,'IBM DB2',2,1,'2016-06-30 13:21:02','2016-06-30 13:21:02'),(72,'Foxpro',2,1,'2016-06-30 13:21:02','2016-06-30 13:21:02'),(73,'JDBC',2,1,'2016-06-30 13:21:02','2016-06-30 13:21:02'),(74,'MS Access',2,1,'2016-06-30 13:21:02','2016-06-30 13:21:02'),(75,'SQL Server fundamental',2,1,'2016-06-30 13:21:02','2016-06-30 13:21:02'),(76,'MySQL Programing',2,1,'2016-06-30 13:21:02','2016-06-30 13:21:02'),(77,'ODBC',2,1,'2016-06-30 13:21:02','2016-06-30 13:21:02'),(78,'OLEDB',2,1,'2016-06-30 13:21:02','2016-06-30 13:21:02'),(79,'Oracle PL/SQL programming',2,1,'2016-06-30 13:21:02','2016-06-30 13:21:02'),(80,'PostgreSQL',2,1,'2016-06-30 13:21:02','2016-06-30 13:21:02'),(81,'Progress',2,1,'2016-06-30 13:21:02','2016-06-30 13:21:02'),(82,'Sybase',2,1,'2016-06-30 13:21:02','2016-06-30 13:21:02'),(83,'Data Migration',2,1,'2016-06-30 13:21:02','2016-06-30 13:21:02'),(84,'Data Modeling and Database Design',2,1,'2016-06-30 13:21:02','2016-06-30 13:21:02'),(85,'Query Optimization &amp; Database Performance Tuning',2,1,'2016-06-30 13:21:02','2016-06-30 13:21:02'),(86,'ETL Skill - Informatica Power Center',2,1,'2016-06-30 13:21:02','2016-06-30 13:21:02'),(87,'ETL Skill - Microsoft SSIS',2,1,'2016-06-30 13:21:02','2016-06-30 13:21:02'),(88,'ETL Skill - Oracle ODI',2,1,'2016-06-30 13:21:02','2016-06-30 13:21:02'),(89,'ETL Skill - Pentaho Data Integration',2,1,'2016-06-30 13:21:02','2016-06-30 13:21:02'),(90,'ETL Skill - Talend Studio',2,1,'2016-06-30 13:21:02','2016-06-30 13:21:02'),(91,'IBM Cognos BI',2,1,'2016-06-30 13:21:02','2016-06-30 13:21:02'),(92,'Microsoft SSAS',2,1,'2016-06-30 13:21:02','2016-06-30 13:21:02'),(93,'Microsoft SSRS',2,1,'2016-06-30 13:21:02','2016-06-30 13:21:02'),(94,'MicroStrategy',2,1,'2016-06-30 13:21:02','2016-06-30 13:21:02'),(95,'MySQL Administration',2,1,'2016-06-30 13:21:02','2016-06-30 13:21:02'),(96,'NoSQL - Cassandra',2,1,'2016-06-30 13:21:02','2016-06-30 13:21:02'),(97,'NoSQL - Cloudera',2,1,'2016-06-30 13:21:02','2016-06-30 13:21:02'),(98,'NoSQL - MongoDB',2,1,'2016-06-30 13:21:02','2016-06-30 13:21:02'),(99,'NoSQL - Redis',2,1,'2016-06-30 13:21:02','2016-06-30 13:21:02'),(100,'Oracle fundamental',2,1,'2016-06-30 13:21:02','2016-06-30 13:21:02'),(101,'Oracle BI',2,1,'2016-06-30 13:21:02','2016-06-30 13:21:02'),(102,'OraclePeopleSoft',2,1,'2016-06-30 13:21:02','2016-06-30 13:21:02'),(103,'RavenDB',2,1,'2016-06-30 13:21:02','2016-06-30 13:21:02'),(104,'SAP Business Object',2,1,'2016-06-30 13:21:02','2016-06-30 13:21:02'),(105,'SQL Server Administration',2,1,'2016-06-30 13:21:02','2016-06-30 13:21:02'),(106,'SQLite',2,1,'2016-06-30 13:21:02','2016-06-30 13:21:02'),(107,'Tableau Analytic',2,1,'2016-06-30 13:21:02','2016-06-30 13:21:02'),(108,'T-SQL Programing',2,1,'2016-06-30 13:21:02','2016-06-30 13:21:02'),(109,'Big Data &amp; Hadoop',2,1,'2016-06-30 13:21:02','2016-06-30 13:21:02'),(110,'Common knowledge in RDBMS',2,1,'2016-06-30 13:21:02','2016-06-30 13:21:02'),(111,'High Availability &amp; Scalability',2,1,'2016-06-30 13:21:02','2016-06-30 13:21:02'),(112,'Transact - SQL programming',2,1,'2016-06-30 13:21:02','2016-06-30 13:21:02'),(113,'Power BI',2,1,'2016-06-30 13:21:02','2016-06-30 13:21:02'),(114,'SAS BI',2,1,'2016-06-30 13:21:02','2016-06-30 13:21:02'),(115,'MySQL fundamental',2,1,'2016-06-30 13:21:02','2016-06-30 13:21:02'),(116,'MySQL (LAMP)',2,1,'2016-06-30 13:21:02','2016-06-30 13:21:02'),(117,'Oracle (LAMP)',2,1,'2016-06-30 13:21:02','2016-06-30 13:21:02'),(118,'PostgreSQL (LAMP)',2,1,'2016-06-30 13:21:02','2016-06-30 13:21:02'),(119,'Query Optimization &amp; Database Performance Tuning (JAVA)',2,1,'2016-06-30 13:21:02','2016-06-30 13:21:02'),(120,'Design (denormalize, enterprise)',2,1,'2016-06-30 13:21:02','2016-06-30 13:21:02'),(121,'SQL programming (Paging, Stored Procedure, Trigger) (JAVA)',2,1,'2016-06-30 13:21:02','2016-06-30 13:21:02'),(122,'Data Definition Language (DDL)',2,1,'2016-06-30 13:21:02','2016-06-30 13:21:02'),(123,'Database Administration',2,1,'2016-06-30 13:21:02','2016-06-30 13:21:02'),(124,'NoSQL',2,1,'2016-06-30 13:21:02','2016-06-30 13:21:02'),(125,'BlueTooth Development',3,1,'2016-06-30 13:21:02','2016-06-30 13:21:02'),(126,'NFC',3,1,'2016-06-30 13:21:02','2016-06-30 13:21:02'),(127,'MSMQ',4,1,'2016-06-30 13:21:02','2016-06-30 13:21:02'),(128,'IBM Messaging',4,1,'2016-06-30 13:21:02','2016-06-30 13:21:02'),(129,'TIBCO Messaging',4,1,'2016-06-30 13:21:02','2016-06-30 13:21:02'),(130,'Active MQ',4,1,'2016-06-30 13:21:02','2016-06-30 13:21:02'),(131,'Jboss Messaging',4,1,'2016-06-30 13:21:02','2016-06-30 13:21:02'),(132,'Rabbit MQ',4,1,'2016-06-30 13:21:02','2016-06-30 13:21:02'),(133,'MS COM/DCOM',5,1,'2016-06-30 13:21:02','2016-06-30 13:21:02'),(134,'WCF',5,1,'2016-06-30 13:21:02','2016-06-30 13:21:02'),(135,'XML Web Services',5,1,'2016-06-30 13:21:02','2016-06-30 13:21:02'),(136,'.NET Remoting',5,1,'2016-06-30 13:21:02','2016-06-30 13:21:02'),(137,'Restful/Web API',5,1,'2016-06-30 13:21:02','2016-06-30 13:21:02'),(138,'ASP.NET Web API',5,1,'2016-06-30 13:21:02','2016-06-30 13:21:02'),(139,'WPF',6,1,'2016-06-30 13:21:02','2016-06-30 13:21:02'),(140,'WinForm',6,1,'2016-06-30 13:21:02','2016-06-30 13:21:02'),(141,'Silverlight',6,1,'2016-06-30 13:21:02','2016-06-30 13:21:02'),(142,'ASP.NET Web Form',6,1,'2016-06-30 13:21:02','2016-06-30 13:21:02'),(143,'ASP.NET MVC 6',6,1,'2016-06-30 13:21:02','2016-06-30 13:21:02'),(144,'ASP.NET 5',6,1,'2016-06-30 13:21:02','2016-06-30 13:21:02'),(145,'ASP.NET Web Forms',6,1,'2016-06-30 13:21:02','2016-06-30 13:21:02'),(146,'ASP.NET MVC',6,1,'2016-06-30 13:21:02','2016-06-30 13:21:02'),(147,'Java Web development (JSP, servlet, applet)',7,1,'2016-06-30 13:21:02','2016-06-30 13:21:02'),(148,'.NET programming',7,1,'2016-06-30 13:21:02','2016-06-30 13:21:02'),(149,'C/C++',7,1,'2016-06-30 13:21:02','2016-06-30 13:21:02'),(150,'COBOL',7,1,'2016-06-30 13:21:02','2016-06-30 13:21:02'),(151,'HTML/DHTML/CSS',7,1,'2016-06-30 13:21:02','2016-06-30 13:21:02'),(152,'Java script',7,1,'2016-06-30 13:21:02','2016-06-30 13:21:02'),(153,'PHP',7,1,'2016-06-30 13:21:02','2016-06-30 13:21:02'),(154,'Visual Basic 6',7,1,'2016-06-30 13:21:02','2016-06-30 13:21:02'),(155,'MS Visual C++ /MFC',7,1,'2016-06-30 13:21:02','2016-06-30 13:21:02'),(156,'Oracle Developer (PL/SQL)',7,1,'2016-06-30 13:21:02','2016-06-30 13:21:02'),(157,'Progress 4GL',7,1,'2016-06-30 13:21:02','2016-06-30 13:21:02'),(158,'TCP/IP, Socket programming',7,1,'2016-06-30 13:21:02','2016-06-30 13:21:02'),(159,'ASP/VBScript',7,1,'2016-06-30 13:21:02','2016-06-30 13:21:02'),(160,'JavaFX',7,1,'2016-06-30 13:21:02','2016-06-30 13:21:02'),(161,'Scala',7,1,'2016-06-30 13:21:02','2016-06-30 13:21:02'),(162,'Perl',7,1,'2016-06-30 13:21:02','2016-06-30 13:21:02'),(163,'XPATH',7,1,'2016-06-30 13:21:02','2016-06-30 13:21:02'),(164,'Python',7,1,'2016-06-30 13:21:02','2016-06-30 13:21:02'),(165,'Ruby',7,1,'2016-06-30 13:21:02','2016-06-30 13:21:02'),(166,'F#',7,1,'2016-06-30 13:21:02','2016-06-30 13:21:02'),(167,'Groovy',7,1,'2016-06-30 13:21:02','2016-06-30 13:21:02'),(168,'HTML/HTML5 Layout',7,1,'2016-06-30 13:21:02','2016-06-30 13:21:02'),(169,'TypeScript',7,1,'2016-06-30 13:21:02','2016-06-30 13:21:02'),(170,'CSS',7,1,'2016-06-30 13:21:02','2016-06-30 13:21:02'),(171,'HTML5 Programming',7,1,'2016-06-30 13:21:02','2016-06-30 13:21:02'),(172,'HTML',7,1,'2016-06-30 13:21:02','2016-06-30 13:21:02'),(173,'Javascript',7,1,'2016-06-30 13:21:02','2016-06-30 13:21:02'),(174,'Apache Tomcat',8,1,'2016-06-30 13:21:02','2016-06-30 13:21:02'),(175,'BEA WebLogic',8,1,'2016-06-30 13:21:02','2016-06-30 13:21:02'),(176,'IBM WebSphere AS',8,1,'2016-06-30 13:21:02','2016-06-30 13:21:02'),(177,'Oracle Application Server',8,1,'2016-06-30 13:21:02','2016-06-30 13:21:02'),(178,'Glassfish',8,1,'2016-06-30 13:21:02','2016-06-30 13:21:02'),(179,'JBoss AS/Wildfly',8,1,'2016-06-30 13:21:02','2016-06-30 13:21:02'),(180,'Jetty',8,1,'2016-06-30 13:21:02','2016-06-30 13:21:02'),(181,'Oracle WebLogic',8,1,'2016-06-30 13:21:02','2016-06-30 13:21:02'),(182,'Common',8,1,'2016-06-30 13:21:02','2016-06-30 13:21:02'),(183,'IBM WebSphere',8,1,'2016-06-30 13:21:02','2016-06-30 13:21:02'),(184,'Bea Weblogic Workshop',9,1,'2016-06-30 13:21:02','2016-06-30 13:21:02'),(185,'Eclipse',9,1,'2016-06-30 13:21:02','2016-06-30 13:21:02'),(186,'IBM Development Studio',9,1,'2016-06-30 13:21:02','2016-06-30 13:21:02'),(187,'jBuilder',9,1,'2016-06-30 13:21:02','2016-06-30 13:21:02'),(188,'SQL Navigator',9,1,'2016-06-30 13:21:02','2016-06-30 13:21:02'),(189,'Visual Studio .NET',9,1,'2016-06-30 13:21:02','2016-06-30 13:21:02'),(190,'Visual Studio 6.0',9,1,'2016-06-30 13:21:02','2016-06-30 13:21:02'),(191,'WebDev',9,1,'2016-06-30 13:21:02','2016-06-30 13:21:02'),(192,'NetBean',9,1,'2016-06-30 13:21:02','2016-06-30 13:21:02'),(193,'IntelliJ',9,1,'2016-06-30 13:21:02','2016-06-30 13:21:02'),(194,'Telerik controls',9,1,'2016-06-30 13:21:02','2016-06-30 13:21:02'),(195,'Rational Rose',9,1,'2016-06-30 13:21:02','2016-06-30 13:21:02'),(196,'UML',9,1,'2016-06-30 13:21:02','2016-06-30 13:21:02'),(197,'Visio',9,1,'2016-06-30 13:21:02','2016-06-30 13:21:02'),(198,'ANT',9,1,'2016-06-30 13:21:02','2016-06-30 13:21:02'),(199,'Apache Maven',9,1,'2016-06-30 13:21:02','2016-06-30 13:21:02'),(200,'Gradle',9,1,'2016-06-30 13:21:02','2016-06-30 13:21:02'),(201,'SpringSource Tool',9,1,'2016-06-30 13:21:02','2016-06-30 13:21:02'),(202,'AppDynamic',10,1,'2016-06-30 13:21:02','2016-06-30 13:21:02'),(203,'Jrockit',10,1,'2016-06-30 13:21:02','2016-06-30 13:21:02'),(204,'jVisualVM',10,1,'2016-06-30 13:21:02','2016-06-30 13:21:02'),(205,'API',11,1,'2016-06-30 13:21:02','2016-06-30 13:21:02'),(206,'Cisco',11,1,'2016-06-30 13:21:02','2016-06-30 13:21:02'),(207,'Cloud',11,1,'2016-06-30 13:21:02','2016-06-30 13:21:02'),(208,'Desktop',11,1,'2016-06-30 13:21:02','2016-06-30 13:21:02'),(209,'Embedded',11,1,'2016-06-30 13:21:02','2016-06-30 13:21:02'),(210,'Mobile',11,1,'2016-06-30 13:21:02','2016-06-30 13:21:02'),(211,'Responsive Web',11,1,'2016-06-30 13:21:02','2016-06-30 13:21:02'),(212,'SAP',11,1,'2016-06-30 13:21:02','2016-06-30 13:21:02'),(213,'Sharepoint',11,1,'2016-06-30 13:21:02','2016-06-30 13:21:02'),(214,'Telecom',11,1,'2016-06-30 13:21:02','2016-06-30 13:21:02'),(215,'Web',11,1,'2016-06-30 13:21:02','2016-06-30 13:21:02'),(216,'CruiseControl',12,1,'2016-06-30 13:21:02','2016-06-30 13:21:02'),(217,'Docker',12,1,'2016-06-30 13:21:02','2016-06-30 13:21:02'),(218,'Hudson',12,1,'2016-06-30 13:21:02','2016-06-30 13:21:02'),(219,'Jenkin',12,1,'2016-06-30 13:21:02','2016-06-30 13:21:02'),(220,'Rational Robot',13,1,'2016-06-30 13:21:02','2016-06-30 13:21:02'),(221,'Test Director',13,1,'2016-06-30 13:21:02','2016-06-30 13:21:02'),(222,'Win Runner',13,1,'2016-06-30 13:21:02','2016-06-30 13:21:02'),(223,'Selenium Web Driven',13,1,'2016-06-30 13:21:02','2016-06-30 13:21:02'),(224,'Quick Test professional',13,1,'2016-06-30 13:21:02','2016-06-30 13:21:02'),(225,'Imacros',13,1,'2016-06-30 13:21:02','2016-06-30 13:21:02'),(226,'Load Runner',13,1,'2016-06-30 13:21:02','2016-06-30 13:21:02'),(227,'Visual team suite - Load Test',13,1,'2016-06-30 13:21:02','2016-06-30 13:21:02'),(228,'Visual team suite - Web Test',13,1,'2016-06-30 13:21:02','2016-06-30 13:21:02'),(229,'Test Complete',13,1,'2016-06-30 13:21:02','2016-06-30 13:21:02'),(230,'Web Load',13,1,'2016-06-30 13:21:02','2016-06-30 13:21:02'),(231,'OpenSTA',13,1,'2016-06-30 13:21:02','2016-06-30 13:21:02'),(232,'NeoLoad',13,1,'2016-06-30 13:21:02','2016-06-30 13:21:02'),(233,'Jprofiler',13,1,'2016-06-30 13:21:02','2016-06-30 13:21:02'),(234,'CodedUI Testbuilder',13,1,'2016-06-30 13:21:02','2016-06-30 13:21:02'),(235,'Aida',13,1,'2016-06-30 13:21:02','2016-06-30 13:21:02'),(236,'AutoIT',13,1,'2016-06-30 13:21:02','2016-06-30 13:21:02'),(237,'Jmeter',13,1,'2016-06-30 13:21:02','2016-06-30 13:21:02'),(238,'Load UI',13,1,'2016-06-30 13:21:02','2016-06-30 13:21:02'),(239,'PureLoad',13,1,'2016-06-30 13:21:02','2016-06-30 13:21:02'),(240,'Ranorex',13,1,'2016-06-30 13:21:02','2016-06-30 13:21:02'),(241,'Rational Functional Tester',13,1,'2016-06-30 13:21:02','2016-06-30 13:21:02'),(242,'Rational Performance Tester',13,1,'2016-06-30 13:21:02','2016-06-30 13:21:02'),(243,'Rspec',13,1,'2016-06-30 13:21:02','2016-06-30 13:21:02'),(244,'Sikuli',13,1,'2016-06-30 13:21:02','2016-06-30 13:21:02'),(245,'Silk Performer',13,1,'2016-06-30 13:21:02','2016-06-30 13:21:02'),(246,'SOAP UI',13,1,'2016-06-30 13:21:02','2016-06-30 13:21:02'),(247,'Telerik Test studio',13,1,'2016-06-30 13:21:02','2016-06-30 13:21:02'),(248,'TestArchitect (TA)',13,1,'2016-06-30 13:21:02','2016-06-30 13:21:02'),(249,'WatiN',13,1,'2016-06-30 13:21:02','2016-06-30 13:21:02'),(250,'Watir',13,1,'2016-06-30 13:21:02','2016-06-30 13:21:02'),(251,'WireShark',13,1,'2016-06-30 13:21:02','2016-06-30 13:21:02'),(252,'Fiddler',13,1,'2016-06-30 13:21:02','2016-06-30 13:21:02'),(253,'Charles',13,1,'2016-06-30 13:21:02','2016-06-30 13:21:02'),(254,'Acunetix',13,1,'2016-06-30 13:21:02','2016-06-30 13:21:02'),(255,'Burp Suite',13,1,'2016-06-30 13:21:02','2016-06-30 13:21:02'),(256,'Kali Linux',13,1,'2016-06-30 13:21:02','2016-06-30 13:21:02'),(257,'OWASP Zed Attack Proxy (ZAP)',13,1,'2016-06-30 13:21:02','2016-06-30 13:21:02'),(258,'N-Stalker',13,1,'2016-06-30 13:21:02','2016-06-30 13:21:02'),(259,'Apktool',13,1,'2016-06-30 13:21:02','2016-06-30 13:21:02'),(260,'Wireshark',13,1,'2016-06-30 13:21:02','2016-06-30 13:21:02'),(261,'Sun SPARC',14,1,'2016-06-30 13:21:02','2016-06-30 13:21:02'),(262,'Unix/HP-UX',14,1,'2016-06-30 13:21:02','2016-06-30 13:21:02'),(263,'Unix/Sun UNIX',14,1,'2016-06-30 13:21:02','2016-06-30 13:21:02'),(264,'Linux',15,1,'2016-06-30 13:21:02','2016-06-30 13:21:02'),(265,'MacOS',15,1,'2016-06-30 13:21:02','2016-06-30 13:21:02'),(266,'Sun Solaris',15,1,'2016-06-30 13:21:02','2016-06-30 13:21:02'),(267,'Windows',15,1,'2016-06-30 13:21:02','2016-06-30 13:21:02'),(268,'Android',15,1,'2016-06-30 13:21:02','2016-06-30 13:21:02'),(269,'Window Mobile',15,1,'2016-06-30 13:21:02','2016-06-30 13:21:02'),(270,'Nintex',16,1,'2016-06-30 13:21:02','2016-06-30 13:21:02'),(271,'Sharepoint Server 2008',16,1,'2016-06-30 13:21:02','2016-06-30 13:21:02'),(272,'Sharepoint Server 2010',16,1,'2016-06-30 13:21:02','2016-06-30 13:21:02'),(273,'Sharepoint Server 2013',16,1,'2016-06-30 13:21:02','2016-06-30 13:21:02'),(274,'WWF',16,1,'2016-06-30 13:21:02','2016-06-30 13:21:02'),(275,'Draw 9-patch',17,1,'2016-06-30 13:21:02','2016-06-30 13:21:02'),(276,'iAd Advertising',17,1,'2016-06-30 13:21:02','2016-06-30 13:21:02'),(277,'In-App Purchase',17,1,'2016-06-30 13:21:02','2016-06-30 13:21:02'),(278,'Push Notification (APNS/GCM)',17,1,'2016-06-30 13:21:02','2016-06-30 13:21:02'),(279,'Mule ESB',18,1,'2016-06-30 13:21:02','2016-06-30 13:21:02'),(280,'Oracle ESB',18,1,'2016-06-30 13:21:02','2016-06-30 13:21:02'),(281,'Talend ESB',18,1,'2016-06-30 13:21:02','2016-06-30 13:21:02'),(282,'WSO2 ESB',18,1,'2016-06-30 13:21:02','2016-06-30 13:21:02'),(283,'Apache Wicket',19,1,'2016-06-30 13:21:02','2016-06-30 13:21:02'),(284,'Django',19,1,'2016-06-30 13:21:02','2016-06-30 13:21:02'),(285,'JSF2',19,1,'2016-06-30 13:21:02','2016-06-30 13:21:02'),(286,'Laravel',19,1,'2016-06-30 13:21:02','2016-06-30 13:21:02'),(287,'Node.JS',19,1,'2016-06-30 13:21:02','2016-06-30 13:21:02'),(288,'Play Framework (for Scala only)',19,1,'2016-06-30 13:21:02','2016-06-30 13:21:02'),(289,'Ruby on Rails',19,1,'2016-06-30 13:21:02','2016-06-30 13:21:02'),(290,'Sinatra',19,1,'2016-06-30 13:21:02','2016-06-30 13:21:02'),(291,'Spring Boot',19,1,'2016-06-30 13:21:02','2016-06-30 13:21:02'),(292,'Spring Integration',19,1,'2016-06-30 13:21:02','2016-06-30 13:21:02'),(293,'Spring Security',19,1,'2016-06-30 13:21:02','2016-06-30 13:21:02'),(294,'Spring WebSocket',19,1,'2016-06-30 13:21:02','2016-06-30 13:21:02'),(295,'Spring/Spring MVC',19,1,'2016-06-30 13:21:02','2016-06-30 13:21:02'),(296,'Strut 1',19,1,'2016-06-30 13:21:02','2016-06-30 13:21:02'),(297,'Symfony',19,1,'2016-06-30 13:21:02','2016-06-30 13:21:02'),(298,'Tasperstry',19,1,'2016-06-30 13:21:02','2016-06-30 13:21:02'),(299,'WebWork/Strut 2.x',19,1,'2016-06-30 13:21:02','2016-06-30 13:21:02'),(300,'Yii',19,1,'2016-06-30 13:21:02','2016-06-30 13:21:02'),(301,'Zend',19,1,'2016-06-30 13:21:02','2016-06-30 13:21:02'),(302,'ZK',19,1,'2016-06-30 13:21:02','2016-06-30 13:21:02'),(303,'Grails Framework',19,1,'2016-06-30 13:21:02','2016-06-30 13:21:02'),(304,'LDAP',20,1,'2016-06-30 13:21:02','2016-06-30 13:21:02'),(305,'CSS/DHTML',20,1,'2016-06-30 13:21:02','2016-06-30 13:21:02'),(306,'TCP, UDP',20,1,'2016-06-30 13:21:02','2016-06-30 13:21:02'),(307,'HTTP, FTP',20,1,'2016-06-30 13:21:02','2016-06-30 13:21:02'),(308,'SMTP, POP3, IMAP, MAPI',20,1,'2016-06-30 13:21:02','2016-06-30 13:21:02'),(309,'SOAP',20,1,'2016-06-30 13:21:02','2016-06-30 13:21:02'),(310,'RESFUL',20,1,'2016-06-30 13:21:02','2016-06-30 13:21:02'),(311,'Biztalk',21,1,'2016-06-30 13:21:02','2016-06-30 13:21:02'),(312,'NServiceBus',21,1,'2016-06-30 13:21:02','2016-06-30 13:21:02'),(313,'A10 networks (L3 - L7)',22,1,'2016-06-30 13:21:02','2016-06-30 13:21:02'),(314,'Alcatel-Lucent Network L2-L3',22,1,'2016-06-30 13:21:02','2016-06-30 13:21:02'),(315,'Aviation',22,1,'2016-06-30 13:21:02','2016-06-30 13:21:02'),(316,'Banking',22,1,'2016-06-30 13:21:02','2016-06-30 13:21:02'),(317,'Cisco Networks (L2 - L3)',22,1,'2016-06-30 13:21:02','2016-06-30 13:21:02'),(318,'Construction',22,1,'2016-06-30 13:21:02','2016-06-30 13:21:02'),(319,'Content Management System (CMS)',22,1,'2016-06-30 13:21:02','2016-06-30 13:21:02'),(320,'Customer Relationship Management',22,1,'2016-06-30 13:21:02','2016-06-30 13:21:02'),(321,'Data Warehouse/BI',22,1,'2016-06-30 13:21:02','2016-06-30 13:21:02'),(322,'E-Commerce',22,1,'2016-06-30 13:21:02','2016-06-30 13:21:02'),(323,'Education',22,1,'2016-06-30 13:21:02','2016-06-30 13:21:02'),(324,'ERP/SAP',22,1,'2016-06-30 13:21:02','2016-06-30 13:21:02'),(325,'F5 networks (L4 - L7)',22,1,'2016-06-30 13:21:02','2016-06-30 13:21:02'),(326,'Finance',22,1,'2016-06-30 13:21:02','2016-06-30 13:21:02'),(327,'Gambling',22,1,'2016-06-30 13:21:02','2016-06-30 13:21:02'),(328,'GSM',22,1,'2016-06-30 13:21:02','2016-06-30 13:21:02'),(329,'Healthcare',22,1,'2016-06-30 13:21:02','2016-06-30 13:21:02'),(330,'Hospitality',22,1,'2016-06-30 13:21:02','2016-06-30 13:21:02'),(331,'Housing',22,1,'2016-06-30 13:21:02','2016-06-30 13:21:02'),(332,'Human Resource Management',22,1,'2016-06-30 13:21:02','2016-06-30 13:21:02'),(333,'IBM Networks (L2 - L3)',22,1,'2016-06-30 13:21:02','2016-06-30 13:21:02'),(334,'Insurance',22,1,'2016-06-30 13:21:02','2016-06-30 13:21:02'),(335,'Juniper Networks (L2 - L3)',22,1,'2016-06-30 13:21:02','2016-06-30 13:21:02'),(336,'Logistic',22,1,'2016-06-30 13:21:02','2016-06-30 13:21:02'),(337,'Media &amp; Advertising',22,1,'2016-06-30 13:21:02','2016-06-30 13:21:02'),(338,'Retail',22,1,'2016-06-30 13:21:02','2016-06-30 13:21:02'),(339,'Social Network',22,1,'2016-06-30 13:21:02','2016-06-30 13:21:02'),(340,'Supply Chain',22,1,'2016-06-30 13:21:02','2016-06-30 13:21:02'),(341,'Telecom PLMN',22,1,'2016-06-30 13:21:02','2016-06-30 13:21:02'),(342,'Television/magazine editing and scheduling',22,1,'2016-06-30 13:21:02','2016-06-30 13:21:02'),(343,'UMTS',22,1,'2016-06-30 13:21:02','2016-06-30 13:21:02'),(344,'Customer Relationship Management (CRM)',22,1,'2016-06-30 13:21:02','2016-06-30 13:21:02'),(345,'Security/Penetration Testing',23,1,'2016-06-30 13:21:02','2016-06-30 13:21:02'),(346,'Performance Testing',23,1,'2016-06-30 13:21:02','2016-06-30 13:21:02'),(347,'Load Testing',23,1,'2016-06-30 13:21:02','2016-06-30 13:21:02'),(348,'Stress Testing',23,1,'2016-06-30 13:21:02','2016-06-30 13:21:02'),(349,'Volume Testing',23,1,'2016-06-30 13:21:02','2016-06-30 13:21:02'),(350,'Data Warehouse &amp; ETL testing',23,1,'2016-06-30 13:21:02','2016-06-30 13:21:02'),(351,'Usability Testing',23,1,'2016-06-30 13:21:02','2016-06-30 13:21:02'),(352,'Functional Testing',23,1,'2016-06-30 13:21:02','2016-06-30 13:21:02'),(353,'Localization/Globalization Testing',23,1,'2016-06-30 13:21:02','2016-06-30 13:21:02'),(354,'Agile/Scrum Testing',23,1,'2016-06-30 13:21:02','2016-06-30 13:21:02'),(355,'Acceptance Testing',23,1,'2016-06-30 13:21:02','2016-06-30 13:21:02'),(356,'Accessibility Testing',23,1,'2016-06-30 13:21:02','2016-06-30 13:21:02'),(357,'API Testing',23,1,'2016-06-30 13:21:02','2016-06-30 13:21:02'),(358,'Blackbox Testing',23,1,'2016-06-30 13:21:02','2016-06-30 13:21:02'),(359,'Compatibility Testing',23,1,'2016-06-30 13:21:02','2016-06-30 13:21:02'),(360,'Component Testing',23,1,'2016-06-30 13:21:02','2016-06-30 13:21:02'),(361,'Conformance Testing',23,1,'2016-06-30 13:21:02','2016-06-30 13:21:02'),(362,'Cross Browser Testing',23,1,'2016-06-30 13:21:02','2016-06-30 13:21:02'),(363,'Field Testing',23,1,'2016-06-30 13:21:02','2016-06-30 13:21:02'),(364,'GreyBox Testing',23,1,'2016-06-30 13:21:02','2016-06-30 13:21:02'),(365,'Host Testing',23,1,'2016-06-30 13:21:02','2016-06-30 13:21:02'),(366,'IOT Testing',23,1,'2016-06-30 13:21:02','2016-06-30 13:21:02'),(367,'Risk Based Testing',23,1,'2016-06-30 13:21:02','2016-06-30 13:21:02'),(368,'SCR Testing',23,1,'2016-06-30 13:21:02','2016-06-30 13:21:02'),(369,'Server Load Balancing',23,1,'2016-06-30 13:21:02','2016-06-30 13:21:02'),(370,'Subsystem Intergration Testing',23,1,'2016-06-30 13:21:02','2016-06-30 13:21:02'),(371,'Target Testing',23,1,'2016-06-30 13:21:02','2016-06-30 13:21:02'),(372,'Unit Testing',23,1,'2016-06-30 13:21:02','2016-06-30 13:21:02'),(373,'WhiteBox Testing',23,1,'2016-06-30 13:21:02','2016-06-30 13:21:02'),(374,'Automation Testing',23,1,'2016-06-30 13:21:02','2016-06-30 13:21:02'),(375,'BDD Testing',23,1,'2016-06-30 13:21:02','2016-06-30 13:21:02'),(376,'Automation Testing (JAVA)',23,1,'2016-06-30 13:21:02','2016-06-30 13:21:02'),(377,'BDD Testing (JAVA)',23,1,'2016-06-30 13:21:02','2016-06-30 13:21:02'),(378,'Performance Testing (JAVA)',23,1,'2016-06-30 13:21:02','2016-06-30 13:21:02'),(379,'Agile',24,1,'2016-06-30 13:21:02','2016-06-30 13:21:02'),(380,'RUP',24,1,'2016-06-30 13:21:02','2016-06-30 13:21:02'),(381,'Ehcache',25,1,'2016-06-30 13:21:02','2016-06-30 13:21:02'),(382,'Hazelcast',25,1,'2016-06-30 13:21:02','2016-06-30 13:21:02'),(383,'Jboss Cache',25,1,'2016-06-30 13:21:02','2016-06-30 13:21:02'),(384,'Memcached',25,1,'2016-06-30 13:21:02','2016-06-30 13:21:02'),(385,'Redis Cache',25,1,'2016-06-30 13:21:02','2016-06-30 13:21:02'),(386,'Terracotta',25,1,'2016-06-30 13:21:02','2016-06-30 13:21:02'),(387,'Amazon Cloud',26,1,'2016-06-30 13:21:02','2016-06-30 13:21:02'),(388,'CouldFoudry',26,1,'2016-06-30 13:21:02','2016-06-30 13:21:02'),(389,'Dropbox',26,1,'2016-06-30 13:21:02','2016-06-30 13:21:02'),(390,'Google Cloud Platform',26,1,'2016-06-30 13:21:02','2016-06-30 13:21:02'),(391,'Heroku',26,1,'2016-06-30 13:21:02','2016-06-30 13:21:02'),(392,'IBM Bluemix',26,1,'2016-06-30 13:21:02','2016-06-30 13:21:02'),(393,'iCloud',26,1,'2016-06-30 13:21:02','2016-06-30 13:21:02'),(394,'Microsoft Azure',26,1,'2016-06-30 13:21:02','2016-06-30 13:21:02'),(395,'MS Azure Infrastructure',26,1,'2016-06-30 13:21:02','2016-06-30 13:21:02'),(396,'MS Azure Web',26,1,'2016-06-30 13:21:02','2016-06-30 13:21:02'),(397,'OpenShift',26,1,'2016-06-30 13:21:02','2016-06-30 13:21:02'),(398,'Google Drive',26,1,'2016-06-30 13:21:02','2016-06-30 13:21:02'),(399,'Drupal',27,1,'2016-06-30 13:21:02','2016-06-30 13:21:02'),(400,'Magento',27,1,'2016-06-30 13:21:02','2016-06-30 13:21:02'),(401,'Wordpress',27,1,'2016-06-30 13:21:02','2016-06-30 13:21:02'),(402,'IBM WebSphere Portal',28,1,'2016-06-30 13:21:02','2016-06-30 13:21:02'),(403,'Adobe CQ5/AEM',28,1,'2016-06-30 13:21:02','2016-06-30 13:21:02'),(404,'Jboss Portal',28,1,'2016-06-30 13:21:02','2016-06-30 13:21:02'),(405,'Liferay Portal',28,1,'2016-06-30 13:21:02','2016-06-30 13:21:02'),(406,'Magnolia CMS',28,1,'2016-06-30 13:21:02','2016-06-30 13:21:02'),(407,'Phonegap/Cordova',29,1,'2016-06-30 13:21:02','2016-06-30 13:21:02'),(408,'Sencha Touch',29,1,'2016-06-30 13:21:02','2016-06-30 13:21:02'),(409,'Titanium',29,1,'2016-06-30 13:21:02','2016-06-30 13:21:02'),(410,'Xamarin',29,1,'2016-06-30 13:21:02','2016-06-30 13:21:02'),(411,'Bootstrap',30,1,'2016-06-30 13:21:02','2016-06-30 13:21:02'),(412,'Compass',30,1,'2016-06-30 13:21:02','2016-06-30 13:21:02'),(413,'Foundation',30,1,'2016-06-30 13:21:02','2016-06-30 13:21:02'),(414,'MS Enterprise Library (Data Access)',31,1,'2016-06-30 13:21:02','2016-06-30 13:21:02'),(415,'NHibernate Framework',31,1,'2016-06-30 13:21:02','2016-06-30 13:21:02'),(416,'ADO.NET',31,1,'2016-06-30 13:21:02','2016-06-30 13:21:02'),(417,'Doctrine 2',31,1,'2016-06-30 13:21:02','2016-06-30 13:21:02'),(418,'Entity Framework',31,1,'2016-06-30 13:21:02','2016-06-30 13:21:02'),(419,'Micro ORM (Dapper/Petapoco)',31,1,'2016-06-30 13:21:02','2016-06-30 13:21:02'),(420,'Database Programming (PDO/Python DB, API/Ruby DBI)',31,1,'2016-06-30 13:21:02','2016-06-30 13:21:02'),(421,'ORM (.NET)',31,1,'2016-06-30 13:21:02','2016-06-30 13:21:02'),(422,'JDK',32,1,'2016-06-30 13:21:02','2016-06-30 13:21:02'),(423,'Spring.net',32,1,'2016-06-30 13:21:02','2016-06-30 13:21:02'),(424,'Cocoa',32,1,'2016-06-30 13:21:02','2016-06-30 13:21:02'),(425,'Cocos2D/3D',32,1,'2016-06-30 13:21:02','2016-06-30 13:21:02'),(426,'Native Development Kit',32,1,'2016-06-30 13:21:02','2016-06-30 13:21:02'),(427,'OpenGL ES',32,1,'2016-06-30 13:21:02','2016-06-30 13:21:02'),(428,'JQuery/JQueryUI',33,1,'2016-06-30 13:21:02','2016-06-30 13:21:02'),(429,'Sencha (ExtJS and/or Sencha Touch)',33,1,'2016-06-30 13:21:02','2016-06-30 13:21:02'),(430,'Dojo',33,1,'2016-06-30 13:21:02','2016-06-30 13:21:02'),(431,'MS Ajax Controls',33,1,'2016-06-30 13:21:02','2016-06-30 13:21:02'),(432,'AJAX',33,1,'2016-06-30 13:21:02','2016-06-30 13:21:02'),(433,'Angular.JS',33,1,'2016-06-30 13:21:02','2016-06-30 13:21:02'),(434,'Animation',33,1,'2016-06-30 13:21:02','2016-06-30 13:21:02'),(435,'Backbone.JS',33,1,'2016-06-30 13:21:02','2016-06-30 13:21:02'),(436,'D3.JS &amp; Data visualization',33,1,'2016-06-30 13:21:02','2016-06-30 13:21:02'),(437,'Ember.JS',33,1,'2016-06-30 13:21:02','2016-06-30 13:21:02'),(438,'HTML/CSS',33,1,'2016-06-30 13:21:02','2016-06-30 13:21:02'),(439,'HTML5 game development',33,1,'2016-06-30 13:21:02','2016-06-30 13:21:02'),(440,'HTML5/CSS3',33,1,'2016-06-30 13:21:02','2016-06-30 13:21:02'),(441,'JavaScript/JS OOP',33,1,'2016-06-30 13:21:02','2016-06-30 13:21:02'),(442,'JQueryMobile',33,1,'2016-06-30 13:21:02','2016-06-30 13:21:02'),(443,'KendoUI',33,1,'2016-06-30 13:21:02','2016-06-30 13:21:02'),(444,'Polymer.JS',33,1,'2016-06-30 13:21:02','2016-06-30 13:21:02'),(445,'ReactJS + Flux',33,1,'2016-06-30 13:21:02','2016-06-30 13:21:02'),(446,'Require.JS',33,1,'2016-06-30 13:21:02','2016-06-30 13:21:02'),(447,'Responsive Web Design (RWD)',33,1,'2016-06-30 13:21:02','2016-06-30 13:21:02'),(448,'Single Page App',33,1,'2016-06-30 13:21:02','2016-06-30 13:21:02'),(449,'jQuery',33,1,'2016-06-30 13:21:02','2016-06-30 13:21:02'),(450,'EJB3/MDB',34,1,'2016-06-30 13:21:02','2016-06-30 13:21:02'),(451,'JMS/MQ',34,1,'2016-06-30 13:21:02','2016-06-30 13:21:02'),(452,'Java Core',34,1,'2016-06-30 13:21:02','2016-06-30 13:21:02'),(453,'JPA',34,1,'2016-06-30 13:21:02','2016-06-30 13:21:02'),(454,'JSTL/EL',34,1,'2016-06-30 13:21:02','2016-06-30 13:21:02'),(455,'JTA',34,1,'2016-06-30 13:21:02','2016-06-30 13:21:02'),(456,'Servlet/JSP',34,1,'2016-06-30 13:21:02','2016-06-30 13:21:02'),(457,'JSP/Servlet/JSTL/EL',34,1,'2016-06-30 13:21:02','2016-06-30 13:21:02'),(458,'Android',35,1,'2016-06-30 13:21:02','2016-06-30 13:21:02'),(459,'Windows phone',35,1,'2016-06-30 13:21:02','2016-06-30 13:21:02'),(460,'Blackberry',35,1,'2016-06-30 13:21:02','2016-06-30 13:21:02'),(461,'iOS',35,1,'2016-06-30 13:21:02','2016-06-30 13:21:02');
/*!40000 ALTER TABLE `skill` ENABLE KEYS */;
UNLOCK TABLES;

--
-- Table structure for table `skill_metric`
--

DROP TABLE IF EXISTS `skill_metric`;
/*!40101 SET @saved_cs_client     = @@character_set_client */;
/*!40101 SET character_set_client = utf8 */;
CREATE TABLE `skill_metric` (
  `id` int(11) NOT NULL AUTO_INCREMENT,
  `last_year_used` int(11) NOT NULL,
  `is_verified` tinyint(1) NOT NULL,
  `verified_user_id` int(11) DEFAULT NULL,
  `verified_day` datetime DEFAULT NULL,
  `created_at` datetime NOT NULL,
  `updated_at` datetime NOT NULL,
  `experience_id` int(11) NOT NULL,
  `expertise_id` int(11) NOT NULL,
  `skill_id` int(11) NOT NULL,
  `user_id` int(11) NOT NULL,
  PRIMARY KEY (`id`),
  KEY `experience_id` (`experience_id`),
  KEY `expertise_id` (`expertise_id`),
  KEY `skill_id` (`skill_id`),
  KEY `user_id` (`user_id`),
  CONSTRAINT `skill_metric_ibfk_1` FOREIGN KEY (`experience_id`) REFERENCES `experience` (`id`) ON DELETE CASCADE ON UPDATE CASCADE,
  CONSTRAINT `skill_metric_ibfk_2` FOREIGN KEY (`expertise_id`) REFERENCES `expertise` (`id`) ON DELETE CASCADE ON UPDATE CASCADE,
  CONSTRAINT `skill_metric_ibfk_3` FOREIGN KEY (`skill_id`) REFERENCES `skill` (`id`) ON DELETE CASCADE ON UPDATE CASCADE,
  CONSTRAINT `skill_metric_ibfk_4` FOREIGN KEY (`user_id`) REFERENCES `user` (`id`) ON DELETE NO ACTION ON UPDATE CASCADE
) ENGINE=InnoDB AUTO_INCREMENT=34 DEFAULT CHARSET=utf8;
/*!40101 SET character_set_client = @saved_cs_client */;

--
-- Dumping data for table `skill_metric`
--

LOCK TABLES `skill_metric` WRITE;
/*!40000 ALTER TABLE `skill_metric` DISABLE KEYS */;
INSERT INTO `skill_metric` VALUES (1,2012,0,NULL,NULL,'2016-06-30 13:52:19','2016-06-30 13:52:20',4,1,136,16),(2,2012,0,NULL,NULL,'2016-06-30 13:52:19','2016-06-30 13:52:20',4,1,434,1),(3,2012,0,NULL,NULL,'2016-06-30 13:52:19','2016-06-30 13:52:20',4,1,148,1),(4,2012,0,NULL,NULL,'2016-06-30 13:52:19','2016-06-30 13:52:20',4,1,321,20),(5,2012,0,NULL,NULL,'2016-06-30 13:52:19','2016-06-30 13:52:20',4,1,54,21),(6,2012,0,NULL,NULL,'2016-06-30 13:52:19','2016-06-30 13:52:20',4,1,54,27),(7,2012,0,NULL,NULL,'2016-06-30 13:52:19','2016-06-30 13:52:20',4,1,54,4),(8,2012,0,NULL,NULL,'2016-06-30 13:52:19','2016-06-30 13:52:20',4,1,438,6),(9,2012,0,NULL,NULL,'2016-06-30 13:52:19','2016-06-30 13:52:20',4,1,216,8),(10,2012,0,NULL,NULL,'2016-06-30 13:52:19','2016-06-30 13:52:20',4,1,216,7),(11,2012,0,NULL,NULL,'2016-06-30 13:52:19','2016-06-30 13:52:20',4,1,216,8),(12,2012,0,NULL,NULL,'2016-06-30 13:52:19','2016-06-30 13:52:20',4,1,216,1),(13,2012,0,NULL,NULL,'2016-06-30 13:52:19','2016-06-30 13:52:20',4,1,44,31),(14,2012,0,NULL,NULL,'2016-06-30 13:52:19','2016-06-30 13:52:20',4,1,216,20),(15,2012,0,NULL,NULL,'2016-06-30 13:52:19','2016-06-30 13:52:20',4,1,216,4),(16,2012,0,NULL,NULL,'2016-06-30 13:52:19','2016-06-30 13:52:20',4,1,44,32),(17,2012,0,NULL,NULL,'2016-06-30 13:52:19','2016-06-30 13:52:20',4,1,66,31),(18,2012,0,NULL,NULL,'2016-06-30 13:52:19','2016-06-30 13:52:20',4,1,320,1),(19,2012,0,NULL,NULL,'2016-06-30 13:52:19','2016-06-30 13:52:20',4,1,83,4),(20,2012,0,NULL,NULL,'2016-06-30 13:52:19','2016-06-30 13:52:20',4,1,65,31),(21,2012,0,NULL,NULL,'2016-06-30 13:52:19','2016-06-30 13:52:20',4,1,77,4),(22,2012,0,NULL,NULL,'2016-06-30 13:52:19','2016-06-30 13:52:20',4,1,90,4),(23,2012,0,NULL,NULL,'2016-06-30 13:52:19','2016-06-30 13:52:20',4,1,320,18),(24,2012,0,NULL,NULL,'2016-06-30 13:52:19','2016-06-30 13:52:20',4,1,148,6),(25,2012,0,NULL,NULL,'2016-06-30 13:52:19','2016-06-30 13:52:20',4,1,209,7),(26,2012,0,NULL,NULL,'2016-06-30 13:52:19','2016-06-30 13:52:20',4,1,458,12),(27,2012,0,NULL,NULL,'2016-06-30 13:52:19','2016-06-30 13:52:20',4,1,65,4),(28,2012,0,NULL,NULL,'2016-06-30 13:52:19','2016-06-30 13:52:20',4,1,98,1),(29,2012,0,NULL,NULL,'2016-06-30 13:52:19','2016-06-30 13:52:20',4,1,98,31),(30,2012,0,NULL,NULL,'2016-06-30 13:52:19','2016-06-30 13:52:20',4,1,148,20),(31,2012,0,NULL,NULL,'2016-06-30 13:52:19','2016-06-30 13:52:20',4,1,54,1),(32,2012,0,NULL,NULL,'2016-06-30 13:52:19','2016-06-30 13:52:20',4,1,148,1),(33,2012,0,NULL,NULL,'2016-06-30 13:52:19','2016-06-30 13:52:20',4,1,148,1);
/*!40000 ALTER TABLE `skill_metric` ENABLE KEYS */;
UNLOCK TABLES;

--
-- Table structure for table `technical_skill`
--

DROP TABLE IF EXISTS `technical_skill`;
/*!40101 SET @saved_cs_client     = @@character_set_client */;
/*!40101 SET character_set_client = utf8 */;
CREATE TABLE `technical_skill` (
  `id` int(11) NOT NULL AUTO_INCREMENT,
  `name` varchar(30) NOT NULL,
  `created_at` datetime NOT NULL,
  `updated_at` datetime NOT NULL,
  PRIMARY KEY (`id`)
) ENGINE=InnoDB AUTO_INCREMENT=7 DEFAULT CHARSET=utf8;
/*!40101 SET character_set_client = @saved_cs_client */;

--
-- Dumping data for table `technical_skill`
--

LOCK TABLES `technical_skill` WRITE;
/*!40000 ALTER TABLE `technical_skill` DISABLE KEYS */;
INSERT INTO `technical_skill` VALUES (1,'OS','2016-06-30 13:21:02','2016-06-30 13:21:02'),(2,'Languages','2016-06-30 13:21:02','2016-06-30 13:21:02'),(3,'Methodologies & Tools','2016-06-30 13:21:02','2016-06-30 13:21:02'),(4,'Databases','2016-06-30 13:21:02','2016-06-30 13:21:02'),(5,'Comms & Networks','2016-06-30 13:21:02','2016-06-30 13:21:02'),(6,'Packages','2016-06-30 13:21:02','2016-06-30 13:21:02');
/*!40000 ALTER TABLE `technical_skill` ENABLE KEYS */;
UNLOCK TABLES;

--
-- Table structure for table `user`
--

DROP TABLE IF EXISTS `user`;
/*!40101 SET @saved_cs_client     = @@character_set_client */;
/*!40101 SET character_set_client = utf8 */;
CREATE TABLE `user` (
  `id` int(11) NOT NULL AUTO_INCREMENT,
  `staff_code` varchar(20) NOT NULL,
  `first_name` varchar(100) NOT NULL,
  `last_name` varchar(100) NOT NULL,
  `dob` datetime NOT NULL,
  `gender` int(11) NOT NULL,
  `married_status` int(11) NOT NULL,
  `address` varchar(1000) NOT NULL,
  `country_code` varchar(50) NOT NULL,
  `nationality_code` varchar(50) NOT NULL,
  `ext` text,
  `mobile` varchar(30) DEFAULT NULL,
  `personal_email` varchar(100) DEFAULT NULL,
  `personal_quote` varchar(1000) DEFAULT NULL,
  `hobby` varchar(1000) DEFAULT NULL,
  `personal_statement` varchar(1000) DEFAULT NULL,
  `avatar` varchar(1000) DEFAULT NULL,
  `nickname` varchar(50) DEFAULT NULL,
  `username` varchar(50) NOT NULL,
  `hash_password` varchar(256) NOT NULL,
  `company_email` varchar(100) NOT NULL,
  `company_join_date` datetime NOT NULL,
  `level` text NOT NULL,
  `line_manager_id` int(11) NOT NULL,
  `created_at` datetime NOT NULL,
  `updated_at` datetime NOT NULL,
  `competence_job_title_id` int(11) NOT NULL,
  `role_id` int(11) NOT NULL,
  PRIMARY KEY (`id`),
  UNIQUE KEY `staff_code` (`staff_code`),
  UNIQUE KEY `username` (`username`),
  UNIQUE KEY `user_staff_code_unique` (`staff_code`),
  UNIQUE KEY `user_username_unique` (`username`),
  KEY `competence_job_title_id` (`competence_job_title_id`),
  KEY `role_id` (`role_id`),
  CONSTRAINT `user_ibfk_1` FOREIGN KEY (`competence_job_title_id`) REFERENCES `competence_job_title` (`id`) ON DELETE CASCADE ON UPDATE CASCADE,
  CONSTRAINT `user_ibfk_2` FOREIGN KEY (`role_id`) REFERENCES `role` (`id`) ON DELETE CASCADE ON UPDATE CASCADE
) ENGINE=InnoDB AUTO_INCREMENT=41 DEFAULT CHARSET=utf8;
/*!40101 SET character_set_client = @saved_cs_client */;

--
-- Dumping data for table `user`
--

LOCK TABLES `user` WRITE;
/*!40000 ALTER TABLE `user` DISABLE KEYS */;
INSERT INTO `user` VALUES (1,'1','chim','nguyen','2016-06-29 17:00:00',1,0,'aaaaaaaa','Australia','Australian','12121212',NULL,'a@gmail.com','sdf','sdf','sdf',NULL,NULL,'admin','$2a$10$FRlpCRnIYNR3L3u04OGbD.AaFsX6FlscQjbBWspuRwM3S.DMJugmO','admin@123.com','2016-06-29 17:00:00','4',13,'2016-06-30 13:34:27','2016-07-01 06:40:13',16,2),(4,'2','cut','tran','2016-06-30 13:33:33',0,0,'aaaaaaaa','vietnam','vietnam','12121212',NULL,NULL,NULL,NULL,NULL,NULL,NULL,'admin2','admin','admin@123.com','2016-06-30 13:34:14','4',1,'2016-06-30 13:34:27','2016-06-30 13:34:31',4,3),(6,'3','kem','nguyen','2016-06-30 13:33:33',0,0,'aaaaaaaa','vietnam','vietnam','12121212',NULL,NULL,NULL,NULL,NULL,NULL,NULL,'admin3','admin','admin@123.com','2016-06-30 13:34:14','4',1,'2016-06-30 13:34:27','2016-06-30 13:34:31',4,1),(7,'4','trinh','truong','2016-06-30 13:33:33',0,0,'aaaaaaaa','vietnam','vietnam','12121212',NULL,NULL,NULL,NULL,NULL,NULL,NULL,'admin4','admin','admin@123.com','2016-06-30 13:34:14','4',1,'2016-06-30 13:34:27','2016-06-30 13:34:31',5,2),(8,'5','lang','le','2016-06-30 13:33:33',0,0,'aaaaaaaa','vietnam','vietnam','12121212',NULL,NULL,NULL,NULL,NULL,NULL,NULL,'admin5','admin','admin@123.com','2016-06-30 13:34:14','4',1,'2016-06-30 13:34:27','2016-06-30 13:34:31',7,3),(9,'6','long','bao','2016-06-30 13:33:33',0,0,'aaaaaaaa','vietnam','vietnam','12121212',NULL,NULL,NULL,NULL,NULL,NULL,NULL,'admin6','admin','admin@123.com','2016-06-30 13:34:14','4',1,'2016-06-30 13:34:27','2016-06-30 13:34:31',7,3),(11,'7','tung','sida','2016-06-30 13:33:33',0,0,'aaaaaaaa','vietnam','vietnam','12121212',NULL,NULL,NULL,NULL,NULL,NULL,NULL,'admin7','admin','admin@123.com','2016-06-30 13:34:14','4',1,'2016-06-30 13:34:27','2016-06-30 13:34:31',5,4),(12,'8','tung','let','2016-06-30 13:33:33',0,0,'aaaaaaaa','vietnam','vietnam','12121212',NULL,NULL,NULL,NULL,NULL,NULL,NULL,'admin8','admin','admin@123.com','2016-06-30 13:34:14','4',1,'2016-06-30 13:34:27','2016-06-30 13:34:31',6,5),(13,'9','vinh','gay','2016-06-30 13:33:33',0,0,'aaaaaaaa','vietnam','vietnam','12121212',NULL,NULL,NULL,NULL,NULL,NULL,NULL,'admin9','admin','admin@123.com','2016-06-30 13:34:14','4',1,'2016-06-30 13:34:27','2016-06-30 13:34:31',9,5),(16,'10','phuc','truong','2016-06-30 13:33:33',0,0,'aaaaaaaa','vietnam','vietnam','12121212',NULL,NULL,NULL,NULL,NULL,NULL,NULL,'admin10','admin','admin@123.com','2016-06-30 13:34:14','4',1,'2016-06-30 13:34:27','2016-06-30 13:34:31',2,4),(18,'11','trinh','nguyen','2016-06-30 13:33:33',0,0,'aaaaaaaa','vietnam','vietnam','12121212',NULL,NULL,NULL,NULL,NULL,NULL,NULL,'admin11','admin','admin@123.com','2016-06-30 13:34:14','4',1,'2016-06-30 13:34:27','2016-06-30 13:34:31',2,3),(19,'12','phat','trang van','2016-06-30 13:33:33',0,0,'aaaaaaaa','vietnam','vietnam','12121212',NULL,NULL,NULL,NULL,NULL,NULL,NULL,'admin12','admin','admin@123.com','2016-06-30 13:34:14','4',1,'2016-06-30 13:34:27','2016-06-30 13:34:31',7,2),(20,'13','lang','le thi','2016-06-30 13:33:33',0,0,'aaaaaaaa','vietnam','vietnam','12121212',NULL,NULL,NULL,NULL,NULL,NULL,NULL,'admin13','admin','admin@123.com','2016-06-30 13:34:14','4',1,'2016-06-30 13:34:27','2016-06-30 13:34:31',2,1),(21,'14','thu','nguyen thi','2016-06-30 13:33:33',0,0,'aaaaaaaa','vietnam','vietnam','12121212',NULL,NULL,NULL,NULL,NULL,NULL,NULL,'admin14','admin','admin@123.com','2016-06-30 13:34:14','4',1,'2016-06-30 13:34:27','2016-06-30 13:34:31',2,3),(22,'15','vinh','tran van','2016-06-30 13:33:33',0,0,'aaaaaaaa','vietnam','vietnam','12121212',NULL,NULL,NULL,NULL,NULL,NULL,NULL,'admin15','admin','admin@123.com','2016-06-30 13:34:14','4',1,'2016-06-30 13:34:27','2016-06-30 13:34:31',12,2),(23,'16','nhieu','tran thi','2016-06-30 13:33:33',0,0,'aaaaaaaa','vietnam','vietnam','12121212',NULL,NULL,NULL,NULL,NULL,NULL,NULL,'admin16','admin','admin@123.com','2016-06-30 13:34:14','4',1,'2016-06-30 13:34:27','2016-06-30 13:34:31',2,4),(24,'17','hieu','truong thi','2016-06-30 13:33:33',0,0,'aaaaaaaa','vietnam','vietnam','12121212',NULL,NULL,NULL,NULL,NULL,NULL,NULL,'admin17','admin','admin@123.com','2016-06-30 13:34:14','4',1,'2016-06-30 13:34:27','2016-06-30 13:34:31',15,1),(25,'18','thu','nguyen van','2016-06-30 13:33:33',0,0,'aaaaaaaa','vietnam','vietnam','12121212',NULL,NULL,NULL,NULL,NULL,NULL,NULL,'admin18','admin','admin@123.com','2016-06-30 13:34:14','4',1,'2016-06-30 13:34:27','2016-06-30 13:34:31',12,1),(26,'19','hien','nguyen','2016-06-30 13:33:33',0,0,'aaaaaaaa','vietnam','vietnam','12121212',NULL,NULL,NULL,NULL,NULL,NULL,NULL,'admin19','admin','admin@123.com','2016-06-30 13:34:14','4',1,'2016-06-30 13:34:27','2016-06-30 13:34:31',7,1),(27,'20','sy','nguyen thi','2016-06-30 13:33:33',0,0,'aaaaaaaa','vietnam','vietnam','12121212',NULL,NULL,NULL,NULL,NULL,NULL,NULL,'admin20','admin','admin@123.com','2016-06-30 13:34:14','4',1,'2016-06-30 13:34:27','2016-06-30 13:34:31',6,1),(28,'21','quy','do huu','2016-06-30 13:33:33',0,0,'aaaaaaaa','vietnam','vietnam','12121212',NULL,NULL,NULL,NULL,NULL,NULL,NULL,'admin21','admin','admin@123.com','2016-06-30 13:34:14','4',1,'2016-06-30 13:34:27','2016-06-30 13:34:31',6,4),(29,'22','nam','do thi','2016-06-30 13:33:33',0,0,'aaaaaaaa','vietnam','vietnam','12121212',NULL,NULL,NULL,NULL,NULL,NULL,NULL,'admin22','admin','admin@123.com','2016-06-30 13:34:14','4',1,'2016-06-30 13:34:27','2016-06-30 13:34:31',4,1),(31,'23','duy','do van','2016-06-30 13:33:33',0,0,'aaaaaaaa','vietnam','vietnam','12121212',NULL,NULL,NULL,NULL,NULL,NULL,NULL,'admin23','admin','admin@123.com','2016-06-30 13:34:14','4',1,'2016-06-30 13:34:27','2016-06-30 13:34:31',7,1),(32,'24','khoa','tran thi','2016-06-30 13:33:33',0,0,'aaaaaaaa','vietnam','vietnam','12121212',NULL,NULL,NULL,NULL,NULL,NULL,NULL,'admin24','admin','admin@123.com','2016-06-30 13:34:14','4',1,'2016-06-30 13:34:27','2016-06-30 13:34:31',21,1),(33,'25','chinh','tran van','2016-06-30 13:33:33',0,0,'aaaaaaaa','vietnam','vietnam','12121212',NULL,NULL,NULL,NULL,NULL,NULL,NULL,'admin25','admin','admin@123.com','2016-06-30 13:34:14','4',1,'2016-06-30 13:34:27','2016-06-30 13:34:31',1,1),(34,'26','dien','vo thi','2016-06-30 13:33:33',0,0,'aaaaaaaa','vietnam','vietnam','12121212',NULL,NULL,NULL,NULL,NULL,NULL,NULL,'admin26','admin','admin@123.com','2016-06-30 13:34:14','4',1,'2016-06-30 13:34:27','2016-06-30 13:34:31',7,1),(35,'27','hoa','vo van','2016-06-30 13:33:33',0,0,'aaaaaaaa','vietnam','vietnam','12121212',NULL,NULL,NULL,NULL,NULL,NULL,NULL,'admin27','admin','admin@123.com','2016-06-30 13:34:14','4',1,'2016-06-30 13:34:27','2016-06-30 13:34:31',6,2),(36,'28','bong','vo','2016-06-30 13:33:33',0,0,'aaaaaaaa','vietnam','vietnam','12121212',NULL,NULL,NULL,NULL,NULL,NULL,NULL,'admin28','admin','admin@123.com','2016-06-30 13:34:14','4',1,'2016-06-30 13:34:27','2016-06-30 13:34:31',20,2),(37,'29','flower','jane','2016-06-30 13:33:33',0,0,'aaaaaaaa','vietnam','vietnam','12121212',NULL,NULL,NULL,NULL,NULL,NULL,NULL,'admin29','admin','admin@123.com','2016-06-30 13:34:14','4',1,'2016-06-30 13:34:27','2016-06-30 13:34:31',2,5),(38,'30','cho','nguyen quoc','2016-06-30 13:33:33',0,0,'aaaaaaaa','vietnam','vietnam','12121212',NULL,NULL,NULL,NULL,NULL,NULL,NULL,'admin30','admin','admin@123.com','2016-06-30 13:34:14','4',1,'2016-06-30 13:34:27','2016-06-30 13:34:31',26,4),(39,'31','meo','nguyen thi','2016-06-30 13:33:33',0,0,'aaaaaaaa','vietnam','vietnam','12121212',NULL,NULL,NULL,NULL,NULL,NULL,NULL,'admin31','admin','admin@123.com','2016-06-30 13:34:14','4',1,'2016-06-30 13:34:27','2016-06-30 13:34:31',18,2),(40,'32','ga','nguyen','2016-06-30 13:33:33',0,0,'aaaaaaaa','vietnam','vietnam','12121212',NULL,NULL,NULL,NULL,NULL,NULL,NULL,'admin32','admin','admin@123.com','2016-06-30 13:34:14','4',1,'2016-06-30 13:34:27','2016-06-30 13:34:31',16,2);
/*!40000 ALTER TABLE `user` ENABLE KEYS */;
UNLOCK TABLES;

--
-- Table structure for table `user_technical_skill`
--

DROP TABLE IF EXISTS `user_technical_skill`;
/*!40101 SET @saved_cs_client     = @@character_set_client */;
/*!40101 SET character_set_client = utf8 */;
CREATE TABLE `user_technical_skill` (
  `id` int(11) NOT NULL AUTO_INCREMENT,
  `description` text,
  `created_at` datetime NOT NULL,
  `updated_at` datetime NOT NULL,
  `technical_skill_id` int(11) NOT NULL,
  `user_id` int(11) NOT NULL,
  PRIMARY KEY (`id`),
  KEY `technical_skill_id` (`technical_skill_id`),
  KEY `user_id` (`user_id`),
  CONSTRAINT `user_technical_skill_ibfk_1` FOREIGN KEY (`technical_skill_id`) REFERENCES `technical_skill` (`id`) ON DELETE CASCADE ON UPDATE CASCADE,
  CONSTRAINT `user_technical_skill_ibfk_2` FOREIGN KEY (`user_id`) REFERENCES `user` (`id`) ON DELETE CASCADE ON UPDATE CASCADE
) ENGINE=InnoDB AUTO_INCREMENT=30 DEFAULT CHARSET=utf8;
/*!40101 SET character_set_client = @saved_cs_client */;

--
-- Dumping data for table `user_technical_skill`
--

LOCK TABLES `user_technical_skill` WRITE;
/*!40000 ALTER TABLE `user_technical_skill` DISABLE KEYS */;
INSERT INTO `user_technical_skill` VALUES (1,'asdfd','2016-06-30 13:55:44','2016-07-01 06:38:50',2,1),(2,'asdfd','2016-06-30 13:55:44','2016-06-30 13:55:44',2,20),(3,'asdfd','2016-06-30 13:55:44','2016-06-30 13:55:44',2,31),(4,'asdfd','2016-06-30 13:55:44','2016-06-30 13:55:44',2,4),(5,'asdfd','2016-06-30 13:55:44','2016-06-30 13:55:44',2,16),(6,'asdfd','2016-06-30 13:55:44','2016-06-30 13:55:44',2,6),(7,'asdfd','2016-06-30 13:55:44','2016-06-30 13:55:44',2,7),(8,'asdfd','2016-06-30 13:55:44','2016-06-30 13:55:44',2,8),(9,'asdfd','2016-06-30 13:55:44','2016-06-30 13:55:44',2,9),(10,'asdfd','2016-06-30 13:55:44','2016-07-01 06:38:50',2,1),(11,'asdfd','2016-06-30 13:55:44','2016-06-30 13:55:44',2,31),(12,'asdfd','2016-06-30 13:55:44','2016-06-30 13:55:44',2,32),(13,'asdfd','2016-06-30 13:55:44','2016-06-30 13:55:44',2,32),(14,'asdfd','2016-06-30 13:55:44','2016-06-30 13:55:44',2,7),(15,'asdfd','2016-06-30 13:55:44','2016-06-30 13:55:44',2,8),(16,'asdfd','2016-06-30 13:55:44','2016-07-01 06:38:50',2,1),(17,'asdfd','2016-06-30 13:55:44','2016-07-01 06:38:50',2,1),(18,'asdfd','2016-06-30 13:55:44','2016-06-30 13:55:44',2,31),(19,'asdfd','2016-06-30 13:55:44','2016-06-30 13:55:44',2,32),(20,'asdfd','2016-06-30 13:55:44','2016-06-30 13:55:44',2,4),(21,'asdfd','2016-06-30 13:55:44','2016-06-30 13:55:44',2,20),(22,'asdfd','2016-06-30 13:55:44','2016-06-30 13:55:44',2,31),(23,'asdfd','2016-06-30 13:55:44','2016-06-30 13:55:44',2,21),(24,'asdfd','2016-06-30 13:55:44','2016-07-01 06:38:50',2,1),(25,'aaaaaaaaaaaaaa','2016-07-01 06:38:50','2016-07-01 06:38:50',4,1),(26,'aaaaaaaaaaaaaaaaaaaa','2016-07-01 06:38:50','2016-07-01 06:38:50',3,1),(27,'aaaaaaaaaaaaaa','2016-07-01 06:38:50','2016-07-01 06:38:50',6,1),(28,'aaaaaaaaaa','2016-07-01 06:38:50','2016-07-01 06:38:50',1,1),(29,'aaaaaaaaaaaaaa','2016-07-01 06:38:50','2016-07-01 06:38:50',5,1);
/*!40000 ALTER TABLE `user_technical_skill` ENABLE KEYS */;
UNLOCK TABLES;
/*!40103 SET TIME_ZONE=@OLD_TIME_ZONE */;

/*!40101 SET SQL_MODE=@OLD_SQL_MODE */;
/*!40014 SET FOREIGN_KEY_CHECKS=@OLD_FOREIGN_KEY_CHECKS */;
/*!40014 SET UNIQUE_CHECKS=@OLD_UNIQUE_CHECKS */;
/*!40101 SET CHARACTER_SET_CLIENT=@OLD_CHARACTER_SET_CLIENT */;
/*!40101 SET CHARACTER_SET_RESULTS=@OLD_CHARACTER_SET_RESULTS */;
/*!40101 SET COLLATION_CONNECTION=@OLD_COLLATION_CONNECTION */;
/*!40111 SET SQL_NOTES=@OLD_SQL_NOTES */;

-- Dump completed on 2016-07-01 13:43:31
