-- --------------------------------------------------------
-- Host:                         127.0.0.1
-- Server version:               5.7.12-log - MySQL Community Server (GPL)
-- Server OS:                    Win64
-- HeidiSQL Version:             9.3.0.4984
-- --------------------------------------------------------

/*!40101 SET @OLD_CHARACTER_SET_CLIENT=@@CHARACTER_SET_CLIENT */;
/*!40101 SET NAMES utf8mb4 */;
/*!40014 SET @OLD_FOREIGN_KEY_CHECKS=@@FOREIGN_KEY_CHECKS, FOREIGN_KEY_CHECKS=0 */;
/*!40101 SET @OLD_SQL_MODE=@@SQL_MODE, SQL_MODE='NO_AUTO_VALUE_ON_ZERO' */;

-- Dumping database structure for tms_db
CREATE DATABASE IF NOT EXISTS `tms_db` /*!40100 DEFAULT CHARACTER SET utf8 */;
USE `tms_db`;


-- Dumping structure for table tms_db.competence
CREATE TABLE IF NOT EXISTS `competence` (
  `id` int(11) NOT NULL AUTO_INCREMENT,
  `name` varchar(100) NOT NULL,
  `createdAt` datetime NOT NULL,
  `updatedAt` datetime NOT NULL,
  `department_id` int(11) NOT NULL,
  PRIMARY KEY (`id`),
  KEY `department_id` (`department_id`),
  CONSTRAINT `competence_ibfk_1` FOREIGN KEY (`department_id`) REFERENCES `department` (`id`) ON DELETE NO ACTION ON UPDATE CASCADE
) ENGINE=InnoDB AUTO_INCREMENT=37 DEFAULT CHARSET=utf8;

-- Dumping data for table tms_db.competence: ~36 rows (approximately)
/*!40000 ALTER TABLE `competence` DISABLE KEYS */;
INSERT INTO `competence` (`id`, `name`, `createdAt`, `updatedAt`, `department_id`) VALUES
	(1, 'Business Development', '2016-06-27 16:41:42', '2016-06-27 16:41:42', 1),
	(2, 'Bid Support', '2016-06-27 16:41:42', '2016-06-27 16:41:42', 1),
	(3, 'Finance Management', '2016-06-27 16:41:42', '2016-06-27 16:41:42', 2),
	(4, 'Accounting', '2016-06-27 16:41:42', '2016-06-27 16:41:42', 2),
	(5, 'HR Management', '2016-06-27 16:41:42', '2016-06-27 16:41:42', 3),
	(6, 'C&B', '2016-06-27 16:41:42', '2016-06-27 16:41:42', 3),
	(7, 'Cooperate Communication', '2016-06-27 16:41:42', '2016-06-27 16:41:42', 3),
	(8, 'Facilities', '2016-06-27 16:41:42', '2016-06-27 16:41:42', 3),
	(9, 'HRBP', '2016-06-27 16:41:42', '2016-06-27 16:41:42', 3),
	(10, 'Recruitment', '2016-06-27 16:41:42', '2016-06-27 16:41:42', 3),
	(11, 'Resource Planning', '2016-06-27 16:41:42', '2016-06-27 16:41:42', 3),
	(12, 'Training', '2016-06-27 16:41:42', '2016-06-27 16:41:42', 3),
	(13, 'IT Management', '2016-06-27 16:41:42', '2016-06-27 16:41:42', 4),
	(14, 'IT Network', '2016-06-27 16:41:42', '2016-06-27 16:41:42', 4),
	(15, 'IT Server', '2016-06-27 16:41:42', '2016-06-27 16:41:42', 4),
	(16, 'IT Support', '2016-06-27 16:41:42', '2016-06-27 16:41:42', 4),
	(17, 'Admin', '2016-06-27 16:41:42', '2016-06-27 16:41:42', 5),
	(18, 'BA', '2016-06-27 16:41:42', '2016-06-27 16:41:42', 5),
	(19, 'C++', '2016-06-27 16:41:42', '2016-06-27 16:41:42', 5),
	(20, 'C++/Oracle', '2016-06-27 16:41:42', '2016-06-27 16:41:42', 5),
	(21, 'Database', '2016-06-27 16:41:42', '2016-06-27 16:41:42', 5),
	(22, 'Front-End', '2016-06-27 16:41:42', '2016-06-27 16:41:42', 5),
	(23, 'Java', '2016-06-27 16:41:42', '2016-06-27 16:41:42', 5),
	(24, 'LAMP', '2016-06-27 16:41:42', '2016-06-27 16:41:42', 5),
	(25, 'SD Management', '2016-06-27 16:41:42', '2016-06-27 16:41:42', 5),
	(26, 'Microsoft', '2016-06-27 16:41:42', '2016-06-27 16:41:42', 5),
	(27, 'Mobile', '2016-06-27 16:41:42', '2016-06-27 16:41:42', 5),
	(28, 'Project Management', '2016-06-27 16:41:42', '2016-06-27 16:41:42', 5),
	(29, 'QA', '2016-06-27 16:41:42', '2016-06-27 16:41:42', 5),
	(30, 'QC', '2016-06-27 16:41:42', '2016-06-27 16:41:42', 5),
	(31, 'Support Analyst', '2016-06-27 16:41:42', '2016-06-27 16:41:42', 5),
	(32, 'UI', '2016-06-27 16:41:42', '2016-06-27 16:41:42', 5),
	(33, 'VB6', '2016-06-27 16:41:42', '2016-06-27 16:41:42', 5),
	(34, 'Web Admin', '2016-06-27 16:41:42', '2016-06-27 16:41:42', 5),
	(35, 'IT', '2016-06-27 16:41:42', '2016-06-27 16:41:42', 5),
	(36, 'Marketing', '2016-06-27 16:41:42', '2016-06-27 16:41:42', 6);
/*!40000 ALTER TABLE `competence` ENABLE KEYS */;


-- Dumping structure for table tms_db.competence_job_title
CREATE TABLE IF NOT EXISTS `competence_job_title` (
  `id` int(11) NOT NULL AUTO_INCREMENT,
  `createdAt` datetime NOT NULL,
  `updatedAt` datetime NOT NULL,
  `competence_id` int(11) NOT NULL,
  `job_title_id` int(11) NOT NULL,
  PRIMARY KEY (`id`),
  KEY `competence_id` (`competence_id`),
  KEY `job_title_id` (`job_title_id`),
  CONSTRAINT `competence_job_title_ibfk_1` FOREIGN KEY (`competence_id`) REFERENCES `competence` (`id`) ON DELETE CASCADE ON UPDATE CASCADE,
  CONSTRAINT `competence_job_title_ibfk_2` FOREIGN KEY (`job_title_id`) REFERENCES `job_title` (`id`) ON DELETE NO ACTION ON UPDATE CASCADE
) ENGINE=InnoDB AUTO_INCREMENT=245 DEFAULT CHARSET=utf8;

-- Dumping data for table tms_db.competence_job_title: ~244 rows (approximately)
/*!40000 ALTER TABLE `competence_job_title` DISABLE KEYS */;
INSERT INTO `competence_job_title` (`id`, `createdAt`, `updatedAt`, `competence_id`, `job_title_id`) VALUES
	(1, '2016-06-27 16:41:42', '2016-06-27 16:41:42', 1, 1),
	(2, '2016-06-27 16:41:42', '2016-06-27 16:41:42', 1, 2),
	(3, '2016-06-27 16:41:42', '2016-06-27 16:41:42', 1, 3),
	(4, '2016-06-27 16:41:42', '2016-06-27 16:41:42', 1, 4),
	(5, '2016-06-27 16:41:42', '2016-06-27 16:41:42', 1, 5),
	(6, '2016-06-27 16:41:42', '2016-06-27 16:41:42', 1, 6),
	(7, '2016-06-27 16:41:42', '2016-06-27 16:41:42', 2, 7),
	(8, '2016-06-27 16:41:42', '2016-06-27 16:41:42', 2, 8),
	(9, '2016-06-27 16:41:42', '2016-06-27 16:41:42', 3, 9),
	(10, '2016-06-27 16:41:42', '2016-06-27 16:41:42', 3, 10),
	(11, '2016-06-27 16:41:42', '2016-06-27 16:41:42', 3, 11),
	(12, '2016-06-27 16:41:42', '2016-06-27 16:41:42', 3, 12),
	(13, '2016-06-27 16:41:42', '2016-06-27 16:41:42', 3, 13),
	(14, '2016-06-27 16:41:42', '2016-06-27 16:41:42', 4, 14),
	(15, '2016-06-27 16:41:42', '2016-06-27 16:41:42', 4, 15),
	(16, '2016-06-27 16:41:42', '2016-06-27 16:41:42', 4, 16),
	(17, '2016-06-27 16:41:42', '2016-06-27 16:41:42', 4, 17),
	(18, '2016-06-27 16:41:42', '2016-06-27 16:41:42', 4, 18),
	(19, '2016-06-27 16:41:42', '2016-06-27 16:41:42', 4, 19),
	(20, '2016-06-27 16:41:42', '2016-06-27 16:41:42', 4, 20),
	(21, '2016-06-27 16:41:42', '2016-06-27 16:41:42', 4, 21),
	(22, '2016-06-27 16:41:42', '2016-06-27 16:41:42', 4, 22),
	(23, '2016-06-27 16:41:42', '2016-06-27 16:41:42', 4, 23),
	(24, '2016-06-27 16:41:42', '2016-06-27 16:41:42', 4, 24),
	(25, '2016-06-27 16:41:42', '2016-06-27 16:41:42', 4, 25),
	(26, '2016-06-27 16:41:42', '2016-06-27 16:41:42', 4, 26),
	(27, '2016-06-27 16:41:42', '2016-06-27 16:41:42', 4, 27),
	(28, '2016-06-27 16:41:42', '2016-06-27 16:41:42', 4, 28),
	(29, '2016-06-27 16:41:42', '2016-06-27 16:41:42', 4, 29),
	(30, '2016-06-27 16:41:42', '2016-06-27 16:41:42', 4, 30),
	(31, '2016-06-27 16:41:42', '2016-06-27 16:41:42', 4, 31),
	(32, '2016-06-27 16:41:42', '2016-06-27 16:41:42', 4, 32),
	(33, '2016-06-27 16:41:42', '2016-06-27 16:41:42', 4, 33),
	(34, '2016-06-27 16:41:42', '2016-06-27 16:41:42', 5, 34),
	(35, '2016-06-27 16:41:42', '2016-06-27 16:41:42', 5, 35),
	(36, '2016-06-27 16:41:42', '2016-06-27 16:41:42', 5, 36),
	(37, '2016-06-27 16:41:42', '2016-06-27 16:41:42', 5, 37),
	(38, '2016-06-27 16:41:42', '2016-06-27 16:41:42', 6, 38),
	(39, '2016-06-27 16:41:42', '2016-06-27 16:41:42', 6, 39),
	(40, '2016-06-27 16:41:42', '2016-06-27 16:41:42', 6, 40),
	(41, '2016-06-27 16:41:42', '2016-06-27 16:41:42', 6, 41),
	(42, '2016-06-27 16:41:42', '2016-06-27 16:41:42', 7, 42),
	(43, '2016-06-27 16:41:42', '2016-06-27 16:41:42', 7, 43),
	(44, '2016-06-27 16:41:42', '2016-06-27 16:41:42', 8, 44),
	(45, '2016-06-27 16:41:42', '2016-06-27 16:41:42', 8, 45),
	(46, '2016-06-27 16:41:42', '2016-06-27 16:41:42', 8, 46),
	(47, '2016-06-27 16:41:42', '2016-06-27 16:41:42', 8, 47),
	(48, '2016-06-27 16:41:42', '2016-06-27 16:41:42', 8, 48),
	(49, '2016-06-27 16:41:42', '2016-06-27 16:41:42', 8, 49),
	(50, '2016-06-27 16:41:42', '2016-06-27 16:41:42', 8, 50),
	(51, '2016-06-27 16:41:42', '2016-06-27 16:41:42', 8, 51),
	(52, '2016-06-27 16:41:42', '2016-06-27 16:41:42', 8, 52),
	(53, '2016-06-27 16:41:42', '2016-06-27 16:41:42', 8, 53),
	(54, '2016-06-27 16:41:42', '2016-06-27 16:41:42', 8, 54),
	(55, '2016-06-27 16:41:42', '2016-06-27 16:41:42', 8, 55),
	(56, '2016-06-27 16:41:42', '2016-06-27 16:41:42', 8, 56),
	(57, '2016-06-27 16:41:42', '2016-06-27 16:41:42', 9, 57),
	(58, '2016-06-27 16:41:42', '2016-06-27 16:41:42', 10, 58),
	(59, '2016-06-27 16:41:42', '2016-06-27 16:41:42', 10, 59),
	(60, '2016-06-27 16:41:42', '2016-06-27 16:41:42', 10, 60),
	(61, '2016-06-27 16:41:42', '2016-06-27 16:41:42', 10, 61),
	(62, '2016-06-27 16:41:42', '2016-06-27 16:41:42', 10, 62),
	(63, '2016-06-27 16:41:42', '2016-06-27 16:41:42', 10, 63),
	(64, '2016-06-27 16:41:42', '2016-06-27 16:41:42', 10, 64),
	(65, '2016-06-27 16:41:42', '2016-06-27 16:41:42', 10, 65),
	(66, '2016-06-27 16:41:42', '2016-06-27 16:41:42', 11, 66),
	(67, '2016-06-27 16:41:42', '2016-06-27 16:41:42', 11, 67),
	(68, '2016-06-27 16:41:42', '2016-06-27 16:41:42', 11, 68),
	(69, '2016-06-27 16:41:42', '2016-06-27 16:41:42', 11, 69),
	(70, '2016-06-27 16:41:42', '2016-06-27 16:41:42', 11, 70),
	(71, '2016-06-27 16:41:42', '2016-06-27 16:41:42', 11, 71),
	(72, '2016-06-27 16:41:42', '2016-06-27 16:41:42', 11, 72),
	(73, '2016-06-27 16:41:42', '2016-06-27 16:41:42', 11, 73),
	(74, '2016-06-27 16:41:42', '2016-06-27 16:41:42', 12, 74),
	(75, '2016-06-27 16:41:42', '2016-06-27 16:41:42', 12, 75),
	(76, '2016-06-27 16:41:42', '2016-06-27 16:41:42', 12, 76),
	(77, '2016-06-27 16:41:42', '2016-06-27 16:41:42', 12, 77),
	(78, '2016-06-27 16:41:42', '2016-06-27 16:41:42', 12, 78),
	(79, '2016-06-27 16:41:42', '2016-06-27 16:41:42', 12, 79),
	(80, '2016-06-27 16:41:42', '2016-06-27 16:41:42', 12, 80),
	(81, '2016-06-27 16:41:42', '2016-06-27 16:41:42', 12, 81),
	(82, '2016-06-27 16:41:42', '2016-06-27 16:41:42', 13, 82),
	(83, '2016-06-27 16:41:42', '2016-06-27 16:41:42', 13, 83),
	(84, '2016-06-27 16:41:42', '2016-06-27 16:41:42', 13, 84),
	(85, '2016-06-27 16:41:42', '2016-06-27 16:41:42', 14, 85),
	(86, '2016-06-27 16:41:42', '2016-06-27 16:41:42', 14, 86),
	(87, '2016-06-27 16:41:42', '2016-06-27 16:41:42', 14, 87),
	(88, '2016-06-27 16:41:42', '2016-06-27 16:41:42', 15, 88),
	(89, '2016-06-27 16:41:42', '2016-06-27 16:41:42', 16, 89),
	(90, '2016-06-27 16:41:42', '2016-06-27 16:41:42', 16, 90),
	(91, '2016-06-27 16:41:42', '2016-06-27 16:41:42', 16, 91),
	(92, '2016-06-27 16:41:42', '2016-06-27 16:41:42', 16, 92),
	(93, '2016-06-27 16:41:42', '2016-06-27 16:41:42', 16, 93),
	(94, '2016-06-27 16:41:42', '2016-06-27 16:41:42', 16, 94),
	(95, '2016-06-27 16:41:42', '2016-06-27 16:41:42', 16, 95),
	(96, '2016-06-27 16:41:42', '2016-06-27 16:41:42', 16, 96),
	(97, '2016-06-27 16:41:42', '2016-06-27 16:41:42', 17, 97),
	(98, '2016-06-27 16:41:42', '2016-06-27 16:41:42', 17, 98),
	(99, '2016-06-27 16:41:42', '2016-06-27 16:41:42', 17, 99),
	(100, '2016-06-27 16:41:42', '2016-06-27 16:41:42', 17, 100),
	(101, '2016-06-27 16:41:42', '2016-06-27 16:41:42', 18, 101),
	(102, '2016-06-27 16:41:42', '2016-06-27 16:41:42', 18, 102),
	(103, '2016-06-27 16:41:42', '2016-06-27 16:41:42', 18, 103),
	(104, '2016-06-27 16:41:42', '2016-06-27 16:41:42', 18, 104),
	(105, '2016-06-27 16:41:42', '2016-06-27 16:41:42', 18, 105),
	(106, '2016-06-27 16:41:42', '2016-06-27 16:41:42', 18, 106),
	(107, '2016-06-27 16:41:42', '2016-06-27 16:41:42', 18, 107),
	(108, '2016-06-27 16:41:42', '2016-06-27 16:41:42', 19, 108),
	(109, '2016-06-27 16:41:42', '2016-06-27 16:41:42', 19, 109),
	(110, '2016-06-27 16:41:42', '2016-06-27 16:41:42', 19, 110),
	(111, '2016-06-27 16:41:42', '2016-06-27 16:41:42', 19, 111),
	(112, '2016-06-27 16:41:42', '2016-06-27 16:41:42', 19, 112),
	(113, '2016-06-27 16:41:42', '2016-06-27 16:41:42', 19, 113),
	(114, '2016-06-27 16:41:42', '2016-06-27 16:41:42', 19, 114),
	(115, '2016-06-27 16:41:42', '2016-06-27 16:41:42', 19, 115),
	(116, '2016-06-27 16:41:42', '2016-06-27 16:41:42', 19, 116),
	(117, '2016-06-27 16:41:42', '2016-06-27 16:41:42', 20, 108),
	(118, '2016-06-27 16:41:42', '2016-06-27 16:41:42', 20, 109),
	(119, '2016-06-27 16:41:42', '2016-06-27 16:41:42', 20, 110),
	(120, '2016-06-27 16:41:42', '2016-06-27 16:41:42', 20, 111),
	(121, '2016-06-27 16:41:42', '2016-06-27 16:41:42', 20, 112),
	(122, '2016-06-27 16:41:42', '2016-06-27 16:41:42', 20, 113),
	(123, '2016-06-27 16:41:42', '2016-06-27 16:41:42', 20, 114),
	(124, '2016-06-27 16:41:42', '2016-06-27 16:41:42', 20, 115),
	(125, '2016-06-27 16:41:42', '2016-06-27 16:41:42', 20, 116),
	(126, '2016-06-27 16:41:42', '2016-06-27 16:41:42', 21, 108),
	(127, '2016-06-27 16:41:42', '2016-06-27 16:41:42', 21, 109),
	(128, '2016-06-27 16:41:42', '2016-06-27 16:41:42', 21, 110),
	(129, '2016-06-27 16:41:42', '2016-06-27 16:41:42', 21, 111),
	(130, '2016-06-27 16:41:42', '2016-06-27 16:41:42', 21, 112),
	(131, '2016-06-27 16:41:42', '2016-06-27 16:41:42', 21, 113),
	(132, '2016-06-27 16:41:42', '2016-06-27 16:41:42', 21, 114),
	(133, '2016-06-27 16:41:42', '2016-06-27 16:41:42', 21, 115),
	(134, '2016-06-27 16:41:42', '2016-06-27 16:41:42', 21, 116),
	(135, '2016-06-27 16:41:42', '2016-06-27 16:41:42', 22, 108),
	(136, '2016-06-27 16:41:42', '2016-06-27 16:41:42', 22, 109),
	(137, '2016-06-27 16:41:42', '2016-06-27 16:41:42', 22, 110),
	(138, '2016-06-27 16:41:42', '2016-06-27 16:41:42', 22, 111),
	(139, '2016-06-27 16:41:42', '2016-06-27 16:41:42', 22, 112),
	(140, '2016-06-27 16:41:42', '2016-06-27 16:41:42', 22, 113),
	(141, '2016-06-27 16:41:42', '2016-06-27 16:41:42', 22, 114),
	(142, '2016-06-27 16:41:42', '2016-06-27 16:41:42', 22, 115),
	(143, '2016-06-27 16:41:42', '2016-06-27 16:41:42', 22, 116),
	(144, '2016-06-27 16:41:42', '2016-06-27 16:41:42', 23, 108),
	(145, '2016-06-27 16:41:42', '2016-06-27 16:41:42', 23, 109),
	(146, '2016-06-27 16:41:42', '2016-06-27 16:41:42', 23, 110),
	(147, '2016-06-27 16:41:42', '2016-06-27 16:41:42', 23, 111),
	(148, '2016-06-27 16:41:42', '2016-06-27 16:41:42', 23, 112),
	(149, '2016-06-27 16:41:42', '2016-06-27 16:41:42', 23, 113),
	(150, '2016-06-27 16:41:42', '2016-06-27 16:41:42', 23, 114),
	(151, '2016-06-27 16:41:42', '2016-06-27 16:41:42', 23, 115),
	(152, '2016-06-27 16:41:42', '2016-06-27 16:41:42', 23, 116),
	(153, '2016-06-27 16:41:42', '2016-06-27 16:41:42', 24, 108),
	(154, '2016-06-27 16:41:42', '2016-06-27 16:41:42', 24, 109),
	(155, '2016-06-27 16:41:42', '2016-06-27 16:41:42', 24, 110),
	(156, '2016-06-27 16:41:42', '2016-06-27 16:41:42', 24, 111),
	(157, '2016-06-27 16:41:42', '2016-06-27 16:41:42', 24, 112),
	(158, '2016-06-27 16:41:42', '2016-06-27 16:41:42', 24, 113),
	(159, '2016-06-27 16:41:42', '2016-06-27 16:41:42', 24, 114),
	(160, '2016-06-27 16:41:42', '2016-06-27 16:41:42', 24, 115),
	(161, '2016-06-27 16:41:42', '2016-06-27 16:41:42', 24, 116),
	(162, '2016-06-27 16:41:42', '2016-06-27 16:41:42', 25, 117),
	(163, '2016-06-27 16:41:42', '2016-06-27 16:41:42', 25, 118),
	(164, '2016-06-27 16:41:42', '2016-06-27 16:41:42', 25, 119),
	(165, '2016-06-27 16:41:42', '2016-06-27 16:41:42', 25, 120),
	(166, '2016-06-27 16:41:42', '2016-06-27 16:41:42', 26, 108),
	(167, '2016-06-27 16:41:42', '2016-06-27 16:41:42', 26, 109),
	(168, '2016-06-27 16:41:42', '2016-06-27 16:41:42', 26, 110),
	(169, '2016-06-27 16:41:42', '2016-06-27 16:41:42', 26, 111),
	(170, '2016-06-27 16:41:42', '2016-06-27 16:41:42', 26, 112),
	(171, '2016-06-27 16:41:42', '2016-06-27 16:41:42', 26, 113),
	(172, '2016-06-27 16:41:42', '2016-06-27 16:41:42', 26, 114),
	(173, '2016-06-27 16:41:42', '2016-06-27 16:41:42', 26, 115),
	(174, '2016-06-27 16:41:42', '2016-06-27 16:41:42', 26, 116),
	(175, '2016-06-27 16:41:42', '2016-06-27 16:41:42', 27, 108),
	(176, '2016-06-27 16:41:42', '2016-06-27 16:41:42', 27, 109),
	(177, '2016-06-27 16:41:42', '2016-06-27 16:41:42', 27, 110),
	(178, '2016-06-27 16:41:42', '2016-06-27 16:41:42', 27, 111),
	(179, '2016-06-27 16:41:42', '2016-06-27 16:41:42', 27, 112),
	(180, '2016-06-27 16:41:42', '2016-06-27 16:41:42', 27, 113),
	(181, '2016-06-27 16:41:42', '2016-06-27 16:41:42', 27, 114),
	(182, '2016-06-27 16:41:42', '2016-06-27 16:41:42', 27, 115),
	(183, '2016-06-27 16:41:42', '2016-06-27 16:41:42', 27, 116),
	(184, '2016-06-27 16:41:42', '2016-06-27 16:41:42', 28, 121),
	(185, '2016-06-27 16:41:42', '2016-06-27 16:41:42', 28, 122),
	(186, '2016-06-27 16:41:42', '2016-06-27 16:41:42', 28, 123),
	(187, '2016-06-27 16:41:42', '2016-06-27 16:41:42', 28, 124),
	(188, '2016-06-27 16:41:42', '2016-06-27 16:41:42', 28, 125),
	(189, '2016-06-27 16:41:42', '2016-06-27 16:41:42', 28, 126),
	(190, '2016-06-27 16:41:42', '2016-06-27 16:41:42', 28, 127),
	(191, '2016-06-27 16:41:42', '2016-06-27 16:41:42', 28, 128),
	(192, '2016-06-27 16:41:42', '2016-06-27 16:41:42', 29, 129),
	(193, '2016-06-27 16:41:42', '2016-06-27 16:41:42', 29, 130),
	(194, '2016-06-27 16:41:42', '2016-06-27 16:41:42', 29, 131),
	(195, '2016-06-27 16:41:42', '2016-06-27 16:41:42', 29, 132),
	(196, '2016-06-27 16:41:42', '2016-06-27 16:41:42', 29, 133),
	(197, '2016-06-27 16:41:42', '2016-06-27 16:41:42', 30, 134),
	(198, '2016-06-27 16:41:42', '2016-06-27 16:41:42', 30, 135),
	(199, '2016-06-27 16:41:42', '2016-06-27 16:41:42', 30, 136),
	(200, '2016-06-27 16:41:42', '2016-06-27 16:41:42', 30, 137),
	(201, '2016-06-27 16:41:42', '2016-06-27 16:41:42', 30, 138),
	(202, '2016-06-27 16:41:42', '2016-06-27 16:41:42', 30, 139),
	(203, '2016-06-27 16:41:42', '2016-06-27 16:41:42', 30, 140),
	(204, '2016-06-27 16:41:42', '2016-06-27 16:41:42', 30, 141),
	(205, '2016-06-27 16:41:42', '2016-06-27 16:41:42', 31, 142),
	(206, '2016-06-27 16:41:42', '2016-06-27 16:41:42', 31, 143),
	(207, '2016-06-27 16:41:42', '2016-06-27 16:41:42', 31, 144),
	(208, '2016-06-27 16:41:42', '2016-06-27 16:41:42', 31, 145),
	(209, '2016-06-27 16:41:42', '2016-06-27 16:41:42', 31, 146),
	(210, '2016-06-27 16:41:42', '2016-06-27 16:41:42', 31, 147),
	(211, '2016-06-27 16:41:42', '2016-06-27 16:41:42', 31, 148),
	(212, '2016-06-27 16:41:42', '2016-06-27 16:41:42', 31, 149),
	(213, '2016-06-27 16:41:42', '2016-06-27 16:41:42', 32, 108),
	(214, '2016-06-27 16:41:42', '2016-06-27 16:41:42', 32, 150),
	(215, '2016-06-27 16:41:42', '2016-06-27 16:41:42', 32, 110),
	(216, '2016-06-27 16:41:42', '2016-06-27 16:41:42', 32, 151),
	(217, '2016-06-27 16:41:42', '2016-06-27 16:41:42', 32, 111),
	(218, '2016-06-27 16:41:42', '2016-06-27 16:41:42', 32, 152),
	(219, '2016-06-27 16:41:42', '2016-06-27 16:41:42', 32, 153),
	(220, '2016-06-27 16:41:42', '2016-06-27 16:41:42', 32, 114),
	(221, '2016-06-27 16:41:42', '2016-06-27 16:41:42', 32, 116),
	(222, '2016-06-27 16:41:42', '2016-06-27 16:41:42', 32, 154),
	(223, '2016-06-27 16:41:42', '2016-06-27 16:41:42', 32, 155),
	(224, '2016-06-27 16:41:42', '2016-06-27 16:41:42', 32, 156),
	(225, '2016-06-27 16:41:42', '2016-06-27 16:41:42', 33, 108),
	(226, '2016-06-27 16:41:42', '2016-06-27 16:41:42', 33, 109),
	(227, '2016-06-27 16:41:42', '2016-06-27 16:41:42', 33, 110),
	(228, '2016-06-27 16:41:42', '2016-06-27 16:41:42', 33, 111),
	(229, '2016-06-27 16:41:42', '2016-06-27 16:41:42', 33, 112),
	(230, '2016-06-27 16:41:42', '2016-06-27 16:41:42', 33, 113),
	(231, '2016-06-27 16:41:42', '2016-06-27 16:41:42', 33, 114),
	(232, '2016-06-27 16:41:42', '2016-06-27 16:41:42', 33, 115),
	(233, '2016-06-27 16:41:42', '2016-06-27 16:41:42', 33, 116),
	(234, '2016-06-27 16:41:42', '2016-06-27 16:41:42', 34, 108),
	(235, '2016-06-27 16:41:42', '2016-06-27 16:41:42', 34, 109),
	(236, '2016-06-27 16:41:42', '2016-06-27 16:41:42', 34, 110),
	(237, '2016-06-27 16:41:42', '2016-06-27 16:41:42', 34, 111),
	(238, '2016-06-27 16:41:42', '2016-06-27 16:41:42', 34, 112),
	(239, '2016-06-27 16:41:42', '2016-06-27 16:41:42', 34, 113),
	(240, '2016-06-27 16:41:42', '2016-06-27 16:41:42', 34, 114),
	(241, '2016-06-27 16:41:42', '2016-06-27 16:41:42', 34, 115),
	(242, '2016-06-27 16:41:42', '2016-06-27 16:41:42', 34, 116),
	(243, '2016-06-27 16:41:42', '2016-06-27 16:41:42', 35, 157),
	(244, '2016-06-27 16:41:42', '2016-06-27 16:41:42', 36, 158);
/*!40000 ALTER TABLE `competence_job_title` ENABLE KEYS */;


-- Dumping structure for table tms_db.course
CREATE TABLE IF NOT EXISTS `course` (
  `id` int(11) NOT NULL AUTO_INCREMENT,
  `from_year` int(11) NOT NULL,
  `to_year` int(11) NOT NULL,
  `course_name` text NOT NULL,
  `course_desciption` text,
  `achievement` text,
  `createdAt` datetime NOT NULL,
  `updatedAt` datetime NOT NULL,
  `user_id` int(11) NOT NULL,
  PRIMARY KEY (`id`),
  KEY `user_id` (`user_id`),
  CONSTRAINT `course_ibfk_1` FOREIGN KEY (`user_id`) REFERENCES `user` (`id`) ON DELETE NO ACTION ON UPDATE CASCADE
) ENGINE=InnoDB AUTO_INCREMENT=6 DEFAULT CHARSET=utf8;

-- Dumping data for table tms_db.course: ~5 rows (approximately)
/*!40000 ALTER TABLE `course` DISABLE KEYS */;
INSERT INTO `course` (`id`, `from_year`, `to_year`, `course_name`, `course_desciption`, `achievement`, `createdAt`, `updatedAt`, `user_id`) VALUES
	(1, 2011, 2013, 'searchGai', 'ggggg', 'ffff', '2016-06-27 16:56:45', '2016-06-27 16:56:46', 1),
	(2, 2013, 2015, 'searchGai', 'aaaaa', 'ssss', '2016-06-28 02:41:15', '2016-06-28 02:41:16', 5),
	(3, 2013, 2015, 'searchGai', 'aaaaa', 'ssss', '2016-06-28 02:41:15', '2016-06-28 02:41:16', 6),
	(4, 2013, 2015, 'searchAnh', 'aaaaa', 'ssss', '2016-06-28 02:41:15', '2016-06-28 02:41:16', 6),
	(5, 2013, 2015, 'searchEm', 'aaaaa', 'ssss', '2016-06-28 02:41:15', '2016-06-28 02:41:16', 6);
/*!40000 ALTER TABLE `course` ENABLE KEYS */;


-- Dumping structure for table tms_db.department
CREATE TABLE IF NOT EXISTS `department` (
  `id` int(11) NOT NULL AUTO_INCREMENT,
  `name` varchar(100) NOT NULL,
  `code` varchar(10) NOT NULL,
  `createdAt` datetime NOT NULL,
  `updatedAt` datetime NOT NULL,
  PRIMARY KEY (`id`)
) ENGINE=InnoDB AUTO_INCREMENT=7 DEFAULT CHARSET=utf8;

-- Dumping data for table tms_db.department: ~6 rows (approximately)
/*!40000 ALTER TABLE `department` DISABLE KEYS */;
INSERT INTO `department` (`id`, `name`, `code`, `createdAt`, `updatedAt`) VALUES
	(1, 'Business Development', 'BD', '2016-06-27 16:41:42', '2016-06-27 16:41:42'),
	(2, 'Finance', 'FA', '2016-06-27 16:41:42', '2016-06-27 16:41:42'),
	(3, 'Human Resource', 'HR', '2016-06-27 16:41:42', '2016-06-27 16:41:42'),
	(4, 'IT', 'IT', '2016-06-27 16:41:42', '2016-06-27 16:41:42'),
	(5, 'Software Development', 'SD', '2016-06-27 16:41:42', '2016-06-27 16:41:42'),
	(6, 'Marketing', 'MARKETING', '2016-06-27 16:41:42', '2016-06-27 16:41:42');
/*!40000 ALTER TABLE `department` ENABLE KEYS */;


-- Dumping structure for table tms_db.education
CREATE TABLE IF NOT EXISTS `education` (
  `id` int(11) NOT NULL AUTO_INCREMENT,
  `from_year` int(11) NOT NULL,
  `to_year` int(11) NOT NULL,
  `university_college_name` varchar(255) NOT NULL,
  `major` varchar(255) NOT NULL,
  `createdAt` datetime NOT NULL,
  `updatedAt` datetime NOT NULL,
  `user_id` int(11) NOT NULL,
  PRIMARY KEY (`id`),
  KEY `user_id` (`user_id`),
  CONSTRAINT `education_ibfk_1` FOREIGN KEY (`user_id`) REFERENCES `user` (`id`) ON DELETE NO ACTION ON UPDATE CASCADE
) ENGINE=InnoDB AUTO_INCREMENT=2 DEFAULT CHARSET=utf8;

-- Dumping data for table tms_db.education: ~1 rows (approximately)
/*!40000 ALTER TABLE `education` DISABLE KEYS */;
INSERT INTO `education` (`id`, `from_year`, `to_year`, `university_college_name`, `major`, `createdAt`, `updatedAt`, `user_id`) VALUES
	(1, 2011, 2013, 'UIT', 'HTTT', '2016-06-27 16:57:30', '2016-06-27 16:57:30', 1);
/*!40000 ALTER TABLE `education` ENABLE KEYS */;


-- Dumping structure for table tms_db.employee_history
CREATE TABLE IF NOT EXISTS `employee_history` (
  `id` int(11) NOT NULL AUTO_INCREMENT,
  `from_year` int(11) NOT NULL,
  `to_year` int(11) NOT NULL,
  `company_name` text NOT NULL,
  `position` text,
  `createdAt` datetime NOT NULL,
  `updatedAt` datetime NOT NULL,
  `user_id` int(11) NOT NULL,
  PRIMARY KEY (`id`),
  KEY `user_id` (`user_id`),
  CONSTRAINT `employee_history_ibfk_1` FOREIGN KEY (`user_id`) REFERENCES `user` (`id`) ON DELETE NO ACTION ON UPDATE CASCADE
) ENGINE=InnoDB AUTO_INCREMENT=2 DEFAULT CHARSET=utf8;

-- Dumping data for table tms_db.employee_history: ~1 rows (approximately)
/*!40000 ALTER TABLE `employee_history` DISABLE KEYS */;
INSERT INTO `employee_history` (`id`, `from_year`, `to_year`, `company_name`, `position`, `createdAt`, `updatedAt`, `user_id`) VALUES
	(1, 2011, 2013, 'eeee', 'eeee', '2016-06-27 16:57:47', '2016-06-27 16:57:48', 1);
/*!40000 ALTER TABLE `employee_history` ENABLE KEYS */;


-- Dumping structure for table tms_db.experience
CREATE TABLE IF NOT EXISTS `experience` (
  `id` int(11) NOT NULL AUTO_INCREMENT,
  `level` int(11) NOT NULL,
  `desciption` varchar(500) NOT NULL,
  `createdAt` datetime NOT NULL,
  `updatedAt` datetime NOT NULL,
  PRIMARY KEY (`id`)
) ENGINE=InnoDB AUTO_INCREMENT=3 DEFAULT CHARSET=utf8;

-- Dumping data for table tms_db.experience: ~2 rows (approximately)
/*!40000 ALTER TABLE `experience` DISABLE KEYS */;
INSERT INTO `experience` (`id`, `level`, `desciption`, `createdAt`, `updatedAt`) VALUES
	(1, 3, 'searchGG', '2016-06-27 16:55:47', '2016-06-27 16:55:43'),
	(2, 5, 'searchFB', '2016-06-27 16:56:04', '2016-06-27 16:56:05');
/*!40000 ALTER TABLE `experience` ENABLE KEYS */;


-- Dumping structure for table tms_db.expertise
CREATE TABLE IF NOT EXISTS `expertise` (
  `id` int(11) NOT NULL AUTO_INCREMENT,
  `level` int(11) NOT NULL,
  `desciption` varchar(500) NOT NULL,
  `createdAt` datetime NOT NULL,
  `updatedAt` datetime NOT NULL,
  PRIMARY KEY (`id`)
) ENGINE=InnoDB AUTO_INCREMENT=5 DEFAULT CHARSET=utf8;

-- Dumping data for table tms_db.expertise: ~4 rows (approximately)
/*!40000 ALTER TABLE `expertise` DISABLE KEYS */;
INSERT INTO `expertise` (`id`, `level`, `desciption`, `createdAt`, `updatedAt`) VALUES
	(1, 3, 'Kinh di', '2016-06-27 16:58:55', '2016-06-27 16:58:55'),
	(2, 5, 'Ba dao', '2016-06-27 16:58:55', '2016-06-27 16:58:55'),
	(3, 1, 'Ga mo', '2016-06-27 16:58:55', '2016-06-27 16:58:55'),
	(4, 2, 'Heo mo', '2016-06-27 16:58:55', '2016-06-27 16:58:55');
/*!40000 ALTER TABLE `expertise` ENABLE KEYS */;


-- Dumping structure for table tms_db.job_title
CREATE TABLE IF NOT EXISTS `job_title` (
  `id` int(11) NOT NULL AUTO_INCREMENT,
  `name` varchar(100) NOT NULL,
  `createdAt` datetime NOT NULL,
  `updatedAt` datetime NOT NULL,
  PRIMARY KEY (`id`)
) ENGINE=InnoDB AUTO_INCREMENT=159 DEFAULT CHARSET=utf8;

-- Dumping data for table tms_db.job_title: ~158 rows (approximately)
/*!40000 ALTER TABLE `job_title` DISABLE KEYS */;
INSERT INTO `job_title` (`id`, `name`, `createdAt`, `updatedAt`) VALUES
	(1, 'Account Manager', '2016-06-27 16:41:42', '2016-06-27 16:41:42'),
	(2, 'Business Development Director', '2016-06-27 16:41:42', '2016-06-27 16:41:42'),
	(3, 'Business Development Executive', '2016-06-27 16:41:42', '2016-06-27 16:41:42'),
	(4, 'Business Development Manager', '2016-06-27 16:41:42', '2016-06-27 16:41:42'),
	(5, 'Sales Support', '2016-06-27 16:41:42', '2016-06-27 16:41:42'),
	(6, 'Senior Sale Executive', '2016-06-27 16:41:42', '2016-06-27 16:41:42'),
	(7, 'Bid Manager', '2016-06-27 16:41:42', '2016-06-27 16:41:42'),
	(8, 'Presales Specialist', '2016-06-27 16:41:42', '2016-06-27 16:41:42'),
	(9, 'Finance and Accounting Manager', '2016-06-27 16:41:42', '2016-06-27 16:41:42'),
	(10, 'Finance Director', '2016-06-27 16:41:42', '2016-06-27 16:41:42'),
	(11, 'Finance Manager', '2016-06-27 16:41:42', '2016-06-27 16:41:42'),
	(12, 'Group & Management Reporting Manager', '2016-06-27 16:41:42', '2016-06-27 16:41:42'),
	(13, 'Vietnam Finance Controller', '2016-06-27 16:41:42', '2016-06-27 16:41:42'),
	(14, 'Accountant', '2016-06-27 16:41:42', '2016-06-27 16:41:42'),
	(15, 'Accountant Assistant', '2016-06-27 16:41:42', '2016-06-27 16:41:42'),
	(16, 'APAC Billing Accountant', '2016-06-27 16:41:42', '2016-06-27 16:41:42'),
	(17, 'AR & Billing Team Leader', '2016-06-27 16:41:42', '2016-06-27 16:41:42'),
	(18, 'Asset Management Executive', '2016-06-27 16:41:42', '2016-06-27 16:41:42'),
	(19, 'Asset Management Team Lead', '2016-06-27 16:41:42', '2016-06-27 16:41:42'),
	(20, 'Assistant APC Accounting Manager', '2016-06-27 16:41:42', '2016-06-27 16:41:42'),
	(21, 'Assistant Interco Accountant', '2016-06-27 16:41:42', '2016-06-27 16:41:42'),
	(22, 'Billing Accountant', '2016-06-27 16:41:42', '2016-06-27 16:41:42'),
	(23, 'Billing Team Lead', '2016-06-27 16:41:42', '2016-06-27 16:41:42'),
	(24, 'Branch Accountant', '2016-06-27 16:41:42', '2016-06-27 16:41:42'),
	(25, 'Financial Analyst', '2016-06-27 16:41:42', '2016-06-27 16:41:42'),
	(26, 'General Accountant', '2016-06-27 16:41:42', '2016-06-27 16:41:42'),
	(27, 'Management Accountant', '2016-06-27 16:41:42', '2016-06-27 16:41:42'),
	(28, 'Payable Accountant', '2016-06-27 16:41:42', '2016-06-27 16:41:42'),
	(29, 'Purchasing Executive', '2016-06-27 16:41:42', '2016-06-27 16:41:42'),
	(30, 'Purchasing Officer', '2016-06-27 16:41:42', '2016-06-27 16:41:42'),
	(31, 'Purchasing Team Lead', '2016-06-27 16:41:42', '2016-06-27 16:41:42'),
	(32, 'Senior Purchasing Officer', '2016-06-27 16:41:42', '2016-06-27 16:41:42'),
	(33, 'Treasusy Accountant', '2016-06-27 16:41:42', '2016-06-27 16:41:42'),
	(34, 'HR Director', '2016-06-27 16:41:42', '2016-06-27 16:41:42'),
	(35, 'HR Manager', '2016-06-27 16:41:42', '2016-06-27 16:41:42'),
	(36, 'Human Resource Lead', '2016-06-27 16:41:42', '2016-06-27 16:41:42'),
	(37, 'Senior HR Manager', '2016-06-27 16:41:42', '2016-06-27 16:41:42'),
	(38, 'C&B Executive', '2016-06-27 16:41:42', '2016-06-27 16:41:42'),
	(39, 'C&B Specialist', '2016-06-27 16:41:42', '2016-06-27 16:41:42'),
	(40, 'C&B Team Lead', '2016-06-27 16:41:42', '2016-06-27 16:41:42'),
	(41, 'Senior HR Executive', '2016-06-27 16:41:42', '2016-06-27 16:41:42'),
	(42, 'Communication Designer', '2016-06-27 16:41:42', '2016-06-27 16:41:42'),
	(43, 'Marketing & Communication Executive', '2016-06-27 16:41:42', '2016-06-27 16:41:42'),
	(44, 'Admin & Facilities Team Lead', '2016-06-27 16:41:42', '2016-06-27 16:41:42'),
	(45, 'Admin Assistant', '2016-06-27 16:41:42', '2016-06-27 16:41:42'),
	(46, 'Admin Executive', '2016-06-27 16:41:42', '2016-06-27 16:41:42'),
	(47, 'Admin Manager', '2016-06-27 16:41:42', '2016-06-27 16:41:42'),
	(48, 'Admin Officer', '2016-06-27 16:41:42', '2016-06-27 16:41:42'),
	(49, 'Admin Team Lead', '2016-06-27 16:41:42', '2016-06-27 16:41:42'),
	(50, 'Delivery Admin Assistant', '2016-06-27 16:41:42', '2016-06-27 16:41:42'),
	(51, 'Delivery Assistant', '2016-06-27 16:41:42', '2016-06-27 16:41:42'),
	(52, 'PMO Admin', '2016-06-27 16:41:42', '2016-06-27 16:41:42'),
	(53, 'Receptionist', '2016-06-27 16:41:42', '2016-06-27 16:41:42'),
	(54, 'Senior Admin Executive', '2016-06-27 16:41:42', '2016-06-27 16:41:42'),
	(55, 'Senior Admin Manager', '2016-06-27 16:41:42', '2016-06-27 16:41:42'),
	(56, 'Tea-lady', '2016-06-27 16:41:42', '2016-06-27 16:41:42'),
	(57, 'HR Business Partner', '2016-06-27 16:41:42', '2016-06-27 16:41:42'),
	(58, 'Fresher Coordinator', '2016-06-27 16:41:42', '2016-06-27 16:41:42'),
	(59, 'Recruitment & Talent Development Manager', '2016-06-27 16:41:42', '2016-06-27 16:41:42'),
	(60, 'Recruitment Executive', '2016-06-27 16:41:42', '2016-06-27 16:41:42'),
	(61, 'Recruitment Intern', '2016-06-27 16:41:42', '2016-06-27 16:41:42'),
	(62, 'Recruitment Officer', '2016-06-27 16:41:42', '2016-06-27 16:41:42'),
	(63, 'Recruitment Team Lead', '2016-06-27 16:41:42', '2016-06-27 16:41:42'),
	(64, 'Senior Recruitment & Talent Development Manager', '2016-06-27 16:41:42', '2016-06-27 16:41:42'),
	(65, 'Senior Recruitment Executive', '2016-06-27 16:41:42', '2016-06-27 16:41:42'),
	(66, 'Department Manager', '2016-06-27 16:41:42', '2016-06-27 16:41:42'),
	(67, 'Head of Resources Planning', '2016-06-27 16:41:42', '2016-06-27 16:41:42'),
	(68, 'Resource Management Executive', '2016-06-27 16:41:42', '2016-06-27 16:41:42'),
	(69, 'Resource Management Intern', '2016-06-27 16:41:42', '2016-06-27 16:41:42'),
	(70, 'Resource Manager', '2016-06-27 16:41:42', '2016-06-27 16:41:42'),
	(71, 'Resource Planner', '2016-06-27 16:41:42', '2016-06-27 16:41:42'),
	(72, 'Resources Planning Executive', '2016-06-27 16:41:42', '2016-06-27 16:41:42'),
	(73, 'Senior Department Manager', '2016-06-27 16:41:42', '2016-06-27 16:41:42'),
	(74, 'Senior Training Manager', '2016-06-27 16:41:42', '2016-06-27 16:41:42'),
	(75, 'Training & Development Assistant', '2016-06-27 16:41:42', '2016-06-27 16:41:42'),
	(76, 'Training & Development Specialist', '2016-06-27 16:41:42', '2016-06-27 16:41:42'),
	(77, 'Training & Development Team Lead', '2016-06-27 16:41:42', '2016-06-27 16:41:42'),
	(78, 'Training Executive', '2016-06-27 16:41:42', '2016-06-27 16:41:42'),
	(79, 'Training Intern', '2016-06-27 16:41:42', '2016-06-27 16:41:42'),
	(80, 'Training Manager', '2016-06-27 16:41:42', '2016-06-27 16:41:42'),
	(81, 'Training Specialist', '2016-06-27 16:41:42', '2016-06-27 16:41:42'),
	(82, 'IT Manager', '2016-06-27 16:41:42', '2016-06-27 16:41:42'),
	(83, 'IT Manager cum Chief Security Officer', '2016-06-27 16:41:42', '2016-06-27 16:41:42'),
	(84, 'IT Operations Director', '2016-06-27 16:41:42', '2016-06-27 16:41:42'),
	(85, 'Assistant IT Manager', '2016-06-27 16:41:42', '2016-06-27 16:41:42'),
	(86, 'IT Team Lead', '2016-06-27 16:41:42', '2016-06-27 16:41:42'),
	(87, 'Network Team Lead', '2016-06-27 16:41:42', '2016-06-27 16:41:42'),
	(88, 'Server Team Lead', '2016-06-27 16:41:42', '2016-06-27 16:41:42'),
	(89, 'Helpdesk Team Lead', '2016-06-27 16:41:42', '2016-06-27 16:41:42'),
	(90, 'IT Network Engineer', '2016-06-27 16:41:42', '2016-06-27 16:41:42'),
	(91, 'IT Support', '2016-06-27 16:41:42', '2016-06-27 16:41:42'),
	(92, 'IT Support Team Lead', '2016-06-27 16:41:42', '2016-06-27 16:41:42'),
	(93, 'IT System Engineer', '2016-06-27 16:41:42', '2016-06-27 16:41:42'),
	(94, 'IT UK offshore resource', '2016-06-27 16:41:42', '2016-06-27 16:41:42'),
	(95, 'Network Specialist/VN Group IT Team Leader', '2016-06-27 16:41:42', '2016-06-27 16:41:42'),
	(96, 'System Team Leader', '2016-06-27 16:41:42', '2016-06-27 16:41:42'),
	(97, 'Communicator Leader', '2016-06-27 16:41:42', '2016-06-27 16:41:42'),
	(98, 'Japanese Comtor', '2016-06-27 16:41:42', '2016-06-27 16:41:42'),
	(99, 'Project Administrator', '2016-06-27 16:41:42', '2016-06-27 16:41:42'),
	(100, 'Senior Japanese Communicator', '2016-06-27 16:41:42', '2016-06-27 16:41:42'),
	(101, 'Associate Business Analyst', '2016-06-27 16:41:42', '2016-06-27 16:41:42'),
	(102, 'Business Analyst', '2016-06-27 16:41:42', '2016-06-27 16:41:42'),
	(103, 'Business Analyst Manager', '2016-06-27 16:41:42', '2016-06-27 16:41:42'),
	(104, 'Business Domain Expert', '2016-06-27 16:41:42', '2016-06-27 16:41:42'),
	(105, 'HN BA Team Manager', '2016-06-27 16:41:42', '2016-06-27 16:41:42'),
	(106, 'Principal Business Analyst', '2016-06-27 16:41:42', '2016-06-27 16:41:42'),
	(107, 'Senior Business Analyst', '2016-06-27 16:41:42', '2016-06-27 16:41:42'),
	(108, 'Associate Software Engineer', '2016-06-27 16:41:42', '2016-06-27 16:41:42'),
	(109, 'Engineering Manager', '2016-06-27 16:41:42', '2016-06-27 16:41:42'),
	(110, 'Principal Software Engineer', '2016-06-27 16:41:42', '2016-06-27 16:41:42'),
	(111, 'Senior Software Engineer', '2016-06-27 16:41:42', '2016-06-27 16:41:42'),
	(112, 'Senior Solution Architect', '2016-06-27 16:41:42', '2016-06-27 16:41:42'),
	(113, 'Sharepoint Admin', '2016-06-27 16:41:42', '2016-06-27 16:41:42'),
	(114, 'Software Engineer', '2016-06-27 16:41:42', '2016-06-27 16:41:42'),
	(115, 'Solution Architect', '2016-06-27 16:41:42', '2016-06-27 16:41:42'),
	(116, 'Technical R&D Lead', '2016-06-27 16:41:42', '2016-06-27 16:41:42'),
	(117, 'Managing Director', '2016-06-27 16:41:42', '2016-06-27 16:41:42'),
	(118, 'Operation Manager', '2016-06-27 16:41:42', '2016-06-27 16:41:42'),
	(119, 'Technical Director', '2016-06-27 16:41:42', '2016-06-27 16:41:42'),
	(120, 'Technical Manager', '2016-06-27 16:41:42', '2016-06-27 16:41:42'),
	(121, 'Associate Project Manager', '2016-06-27 16:41:42', '2016-06-27 16:41:42'),
	(122, 'Delivery Director', '2016-06-27 16:41:42', '2016-06-27 16:41:42'),
	(123, 'Delivery Manager', '2016-06-27 16:41:42', '2016-06-27 16:41:42'),
	(124, 'Japan Development Center Manager', '2016-06-27 16:41:42', '2016-06-27 16:41:42'),
	(125, 'PMO Head', '2016-06-27 16:41:42', '2016-06-27 16:41:42'),
	(126, 'Program Manager', '2016-06-27 16:41:42', '2016-06-27 16:41:42'),
	(127, 'Project Manager', '2016-06-27 16:41:42', '2016-06-27 16:41:42'),
	(128, 'Senior Project Manager', '2016-06-27 16:41:42', '2016-06-27 16:41:42'),
	(129, 'Associate QA Engineer', '2016-06-27 16:41:42', '2016-06-27 16:41:42'),
	(130, 'Principal QA Engineer', '2016-06-27 16:41:42', '2016-06-27 16:41:42'),
	(131, 'QA Engineer', '2016-06-27 16:41:42', '2016-06-27 16:41:42'),
	(132, 'QA Manager', '2016-06-27 16:41:42', '2016-06-27 16:41:42'),
	(133, 'Senior QA Engineer', '2016-06-27 16:41:42', '2016-06-27 16:41:42'),
	(134, 'Associate QC Engineer', '2016-06-27 16:41:42', '2016-06-27 16:41:42'),
	(135, 'HN QC Team Manager', '2016-06-27 16:41:42', '2016-06-27 16:41:42'),
	(136, 'Principal QC Engineer', '2016-06-27 16:41:42', '2016-06-27 16:41:42'),
	(137, 'QC Engineer', '2016-06-27 16:41:42', '2016-06-27 16:41:42'),
	(138, 'QC Manager', '2016-06-27 16:41:42', '2016-06-27 16:41:42'),
	(139, 'QC Specialist', '2016-06-27 16:41:42', '2016-06-27 16:41:42'),
	(140, 'Senior QC Engineer', '2016-06-27 16:41:42', '2016-06-27 16:41:42'),
	(141, 'Testing Solution Architect', '2016-06-27 16:41:42', '2016-06-27 16:41:42'),
	(142, 'Application Support Team Lead', '2016-06-27 16:41:42', '2016-06-27 16:41:42'),
	(143, 'Associate Support Analyst', '2016-06-27 16:41:42', '2016-06-27 16:41:42'),
	(144, 'Principal Support Analyst', '2016-06-27 16:41:42', '2016-06-27 16:41:42'),
	(145, 'Senior Service Manager', '2016-06-27 16:41:42', '2016-06-27 16:41:42'),
	(146, 'Senior Support Analyst', '2016-06-27 16:41:42', '2016-06-27 16:41:42'),
	(147, 'Service Manager', '2016-06-27 16:41:42', '2016-06-27 16:41:42'),
	(148, 'Support Analyst', '2016-06-27 16:41:42', '2016-06-27 16:41:42'),
	(149, 'Support Analyst Team Manager', '2016-06-27 16:41:42', '2016-06-27 16:41:42'),
	(150, 'Associate UI Designer', '2016-06-27 16:41:42', '2016-06-27 16:41:42'),
	(151, 'Principal UI Designer', '2016-06-27 16:41:42', '2016-06-27 16:41:42'),
	(152, 'Senior UI Design Specialist', '2016-06-27 16:41:42', '2016-06-27 16:41:42'),
	(153, 'Senior UI Designer', '2016-06-27 16:41:42', '2016-06-27 16:41:42'),
	(154, 'UI Design Manager', '2016-06-27 16:41:42', '2016-06-27 16:41:42'),
	(155, 'UI Design Specialist', '2016-06-27 16:41:42', '2016-06-27 16:41:42'),
	(156, 'UI Designer', '2016-06-27 16:41:42', '2016-06-27 16:41:42'),
	(157, 'Server Administrator', '2016-06-27 16:41:42', '2016-06-27 16:41:42'),
	(158, 'Marketing Manager', '2016-06-27 16:41:42', '2016-06-27 16:41:42');
/*!40000 ALTER TABLE `job_title` ENABLE KEYS */;


-- Dumping structure for table tms_db.role
CREATE TABLE IF NOT EXISTS `role` (
  `id` int(11) NOT NULL AUTO_INCREMENT,
  `name` varchar(20) NOT NULL,
  `createdAt` datetime NOT NULL,
  `updatedAt` datetime NOT NULL,
  PRIMARY KEY (`id`)
) ENGINE=InnoDB AUTO_INCREMENT=7 DEFAULT CHARSET=utf8;

-- Dumping data for table tms_db.role: ~6 rows (approximately)
/*!40000 ALTER TABLE `role` DISABLE KEYS */;
INSERT INTO `role` (`id`, `name`, `createdAt`, `updatedAt`) VALUES
	(1, 'Employee', '2016-06-27 16:53:44', '2016-06-27 16:53:44'),
	(2, 'PM', '2016-06-27 16:53:44', '2016-06-27 16:53:44'),
	(3, 'SM', '2016-06-27 16:53:44', '2016-06-27 16:53:44'),
	(4, 'EgM', '2016-06-27 16:53:44', '2016-06-27 16:53:44'),
	(5, 'LM', '2016-06-27 16:53:44', '2016-06-27 16:53:44'),
	(6, 'Admin', '2016-06-27 16:53:44', '2016-06-27 16:53:44');
/*!40000 ALTER TABLE `role` ENABLE KEYS */;


-- Dumping structure for table tms_db.skill
CREATE TABLE IF NOT EXISTS `skill` (
  `id` int(11) NOT NULL AUTO_INCREMENT,
  `name` varchar(30) NOT NULL,
  `parent_id` int(11) NOT NULL,
  `level` int(11) NOT NULL,
  `createdAt` datetime NOT NULL,
  `updatedAt` datetime NOT NULL,
  PRIMARY KEY (`id`)
) ENGINE=InnoDB AUTO_INCREMENT=4 DEFAULT CHARSET=utf8;

-- Dumping data for table tms_db.skill: ~3 rows (approximately)
/*!40000 ALTER TABLE `skill` DISABLE KEYS */;
INSERT INTO `skill` (`id`, `name`, `parent_id`, `level`, `createdAt`, `updatedAt`) VALUES
	(1, 'searchGai', 0, 4, '2016-06-28 02:56:52', '2016-06-28 02:56:51'),
	(2, 'searchTrai', 1, 3, '2016-06-28 02:56:52', '2016-06-28 02:56:51'),
	(3, 'searchGay', 1, 5, '2016-06-28 02:56:52', '2016-06-28 02:56:51');
/*!40000 ALTER TABLE `skill` ENABLE KEYS */;


-- Dumping structure for table tms_db.skill_metric
CREATE TABLE IF NOT EXISTS `skill_metric` (
  `id` int(11) NOT NULL AUTO_INCREMENT,
  `last_year_used` int(11) NOT NULL,
  `is_verified` tinyint(1) NOT NULL,
  `verified_userid` int(11) DEFAULT NULL,
  `verified_day` datetime DEFAULT NULL,
  `createdAt` datetime NOT NULL,
  `updatedAt` datetime NOT NULL,
  `experience_id` int(11) NOT NULL,
  `expertise_id` int(11) NOT NULL,
  `skill_id` int(11) NOT NULL,
  `user_id` int(11) NOT NULL,
  PRIMARY KEY (`id`),
  KEY `experience_id` (`experience_id`),
  KEY `expertise_id` (`expertise_id`),
  KEY `skill_id` (`skill_id`),
  KEY `user_id` (`user_id`),
  CONSTRAINT `skill_metric_ibfk_1` FOREIGN KEY (`experience_id`) REFERENCES `experience` (`id`) ON DELETE CASCADE ON UPDATE CASCADE,
  CONSTRAINT `skill_metric_ibfk_2` FOREIGN KEY (`expertise_id`) REFERENCES `expertise` (`id`) ON DELETE CASCADE ON UPDATE CASCADE,
  CONSTRAINT `skill_metric_ibfk_3` FOREIGN KEY (`skill_id`) REFERENCES `skill` (`id`) ON DELETE CASCADE ON UPDATE CASCADE,
  CONSTRAINT `skill_metric_ibfk_4` FOREIGN KEY (`user_id`) REFERENCES `user` (`id`) ON DELETE NO ACTION ON UPDATE CASCADE
) ENGINE=InnoDB AUTO_INCREMENT=6 DEFAULT CHARSET=utf8;

-- Dumping data for table tms_db.skill_metric: ~5 rows (approximately)
/*!40000 ALTER TABLE `skill_metric` DISABLE KEYS */;
INSERT INTO `skill_metric` (`id`, `last_year_used`, `is_verified`, `verified_userid`, `verified_day`, `createdAt`, `updatedAt`, `experience_id`, `expertise_id`, `skill_id`, `user_id`) VALUES
	(1, 2011, 0, 1, '2016-06-28 03:00:28', '2016-06-28 02:59:52', '2016-06-28 02:59:52', 2, 2, 1, 1),
	(2, 2011, 0, 1, '2016-06-28 03:00:28', '2016-06-28 02:59:52', '2016-06-28 02:59:52', 1, 3, 2, 6),
	(3, 2011, 0, 1, '2016-06-28 03:00:28', '2016-06-28 02:59:52', '2016-06-28 02:59:52', 1, 4, 1, 3),
	(4, 2011, 0, 1, '2016-06-28 03:00:28', '2016-06-28 02:59:52', '2016-06-28 02:59:52', 2, 1, 2, 7),
	(5, 2011, 0, 1, '2016-06-28 03:00:28', '2016-06-28 02:59:52', '2016-06-28 02:59:52', 2, 2, 1, 5);
/*!40000 ALTER TABLE `skill_metric` ENABLE KEYS */;


-- Dumping structure for table tms_db.technical_skill
CREATE TABLE IF NOT EXISTS `technical_skill` (
  `id` int(11) NOT NULL AUTO_INCREMENT,
  `name` varchar(30) NOT NULL,
  `description` text NOT NULL,
  `createdAt` datetime NOT NULL,
  `updatedAt` datetime NOT NULL,
  `user_id` int(11) NOT NULL,
  PRIMARY KEY (`id`),
  KEY `user_id` (`user_id`),
  CONSTRAINT `technical_skill_ibfk_1` FOREIGN KEY (`user_id`) REFERENCES `user` (`id`) ON DELETE NO ACTION ON UPDATE CASCADE
) ENGINE=InnoDB AUTO_INCREMENT=8 DEFAULT CHARSET=utf8;

-- Dumping data for table tms_db.technical_skill: ~7 rows (approximately)
/*!40000 ALTER TABLE `technical_skill` DISABLE KEYS */;
INSERT INTO `technical_skill` (`id`, `name`, `description`, `createdAt`, `updatedAt`, `user_id`) VALUES
	(1, 'c++', 'nhu shet', '2016-06-28 10:58:13', '2016-06-28 10:58:13', 1),
	(2, 'c#', 'nhu shet', '2016-06-28 10:58:13', '2016-06-28 10:58:13', 6),
	(3, 'f#', 'nhu shet', '2016-06-28 10:58:13', '2016-06-28 10:58:13', 3),
	(4, '.net', 'nhu shet', '2016-06-28 10:58:13', '2016-06-28 10:58:13', 6),
	(5, 'nodejs', 'nhu shet', '2016-06-28 10:58:13', '2016-06-28 10:58:13', 1),
	(6, 'php', 'nhu shet', '2016-06-28 10:58:13', '2016-06-28 10:58:13', 7),
	(7, 'java', 'nhu shet', '2016-06-28 10:58:13', '2016-06-28 10:58:13', 2);
/*!40000 ALTER TABLE `technical_skill` ENABLE KEYS */;


-- Dumping structure for table tms_db.user
CREATE TABLE IF NOT EXISTS `user` (
  `id` int(11) NOT NULL AUTO_INCREMENT,
  `staff_code` varchar(20) NOT NULL,
  `first_name` varchar(100) NOT NULL,
  `last_name` varchar(100) NOT NULL,
  `dob` datetime NOT NULL,
  `gender` int(11) NOT NULL,
  `married_status` int(11) NOT NULL,
  `address` varchar(1000) NOT NULL,
  `country_code` varchar(2) NOT NULL,
  `nationality_code` varchar(2) NOT NULL,
  `ext` text,
  `mobile` varchar(30) DEFAULT NULL,
  `personal_email` varchar(100) DEFAULT NULL,
  `personal_quote` varchar(1000) DEFAULT NULL,
  `hobby` varchar(1000) NOT NULL,
  `personal_statement` varchar(1000) DEFAULT NULL,
  `avatar` varchar(1000) DEFAULT NULL,
  `nickname` varchar(50) DEFAULT NULL,
  `username` varchar(50) NOT NULL,
  `hash_password` varchar(256) NOT NULL,
  `company_email` varchar(100) NOT NULL,
  `company_join_date` datetime NOT NULL,
  `sub_level` text NOT NULL,
  `line_manager_id` int(11) DEFAULT NULL,
  `createdAt` datetime NOT NULL,
  `updatedAt` datetime NOT NULL,
  `competence_job_title_id` int(11) NOT NULL,
  `role_id` int(11) NOT NULL,
  PRIMARY KEY (`id`),
  KEY `competence_job_title_id` (`competence_job_title_id`),
  KEY `role_id` (`role_id`),
  CONSTRAINT `user_ibfk_1` FOREIGN KEY (`competence_job_title_id`) REFERENCES `competence_job_title` (`id`) ON DELETE CASCADE ON UPDATE CASCADE,
  CONSTRAINT `user_ibfk_2` FOREIGN KEY (`role_id`) REFERENCES `role` (`id`) ON DELETE CASCADE ON UPDATE CASCADE
) ENGINE=InnoDB AUTO_INCREMENT=17 DEFAULT CHARSET=utf8;

-- Dumping data for table tms_db.user: ~16 rows (approximately)
/*!40000 ALTER TABLE `user` DISABLE KEYS */;
INSERT INTO `user` (`id`, `staff_code`, `first_name`, `last_name`, `dob`, `gender`, `married_status`, `address`, `country_code`, `nationality_code`, `ext`, `mobile`, `personal_email`, `personal_quote`, `hobby`, `personal_statement`, `avatar`, `nickname`, `username`, `hash_password`, `company_email`, `company_join_date`, `sub_level`, `line_manager_id`, `createdAt`, `updatedAt`, `competence_job_title_id`, `role_id`) VALUES
	(1, '1', 'admin', 'Boss', '2016-06-27 16:54:18', 1, 1, 'ssssss', 'vn', 'vn', '22222', NULL, NULL, NULL, 'dfdfdfdf', NULL, NULL, NULL, 'admin', 'admin', 'admin@gmail.com', '2016-06-27 16:54:56', '3', NULL, '2016-06-27 16:55:00', '2016-06-27 16:55:01', 1, 6),
	(2, '2', 'admin2', 'Boss2', '2016-06-27 16:54:18', 0, 0, 'ssssss', 'vn', 'vn', '22222', NULL, NULL, NULL, 'dfdfdfdf', NULL, NULL, NULL, 'admin2', 'admin', 'admin@gmail.com', '2016-06-27 16:54:56', '3', NULL, '2016-06-27 16:55:00', '2016-06-27 16:55:01', 2, 2),
	(3, '3', 'admin3', 'Boss2', '2016-06-27 16:54:18', 0, 0, 'ssssss', 'vn', 'vn', '22222', NULL, NULL, NULL, 'dfdfdfdf', NULL, NULL, NULL, 'admin2', 'admin', 'admin@gmail.com', '2016-06-27 16:54:56', '3', NULL, '2016-06-27 16:55:00', '2016-06-27 16:55:01', 3, 3),
	(4, '4', 'admin4', 'Boss3', '2016-06-27 16:54:18', 0, 0, 'ssssss', 'vn', 'vn', '22222', NULL, NULL, NULL, 'dfdfdfdf', NULL, NULL, NULL, 'admin2', 'admin', 'admin@gmail.com', '2016-06-27 16:54:56', '3', NULL, '2016-06-27 16:55:00', '2016-06-27 16:55:01', 4, 4),
	(5, '5', 'admin4', 'Boss3', '2016-06-27 16:54:18', 0, 0, 'ssssss', 'vn', 'vn', '22222', NULL, NULL, NULL, 'dfdfdfdf', NULL, NULL, NULL, 'admin2', 'admin', 'admin@gmail.com', '2016-06-27 16:54:56', '3', NULL, '2016-06-27 16:55:00', '2016-06-27 16:55:01', 6, 3),
	(6, '6', 'admin6', 'Boss2', '2016-06-27 16:54:18', 0, 0, 'ssssss', 'vn', 'vn', '22222', NULL, NULL, NULL, 'dfdfdfdf', NULL, NULL, NULL, 'admin2', 'admin', 'admin@gmail.com', '2016-06-27 16:54:56', '3', NULL, '2016-06-27 16:55:00', '2016-06-27 16:55:01', 7, 2),
	(7, '7', 'admin7', 'Boss2', '2016-06-27 16:54:18', 0, 0, 'ssssss', 'vn', 'vn', '22222', NULL, NULL, NULL, 'dfdfdfdf', NULL, NULL, NULL, 'admin2', 'admin', 'admin@gmail.com', '2016-06-27 16:54:56', '3', NULL, '2016-06-27 16:55:00', '2016-06-27 16:55:01', 8, 3),
	(8, '8', 'admin8', 'Boss2', '2016-06-27 16:54:18', 0, 0, 'ssssss', 'vn', 'vn', '22222', NULL, NULL, NULL, 'dfdfdfdf', NULL, NULL, NULL, 'admin2', 'admin', 'admin@gmail.com', '2016-06-27 16:54:56', '3', NULL, '2016-06-27 16:55:00', '2016-06-27 16:55:01', 9, 3),
	(9, '9', 'admin9', 'Boss2', '2016-06-27 16:54:18', 0, 0, 'ssssss', 'vn', 'vn', '22222', NULL, NULL, NULL, 'dfdfdfdf', NULL, NULL, NULL, 'admin2', 'admin', 'admin@gmail.com', '2016-06-27 16:54:56', '3', NULL, '2016-06-27 16:55:00', '2016-06-27 16:55:01', 10, 4),
	(10, '10', 'admin10', 'Boss2', '2016-06-27 16:54:18', 0, 0, 'ssssss', 'vn', 'vn', '22222', NULL, NULL, NULL, 'dfdfdfdf', NULL, NULL, NULL, 'admin2', 'admin', 'admin@gmail.com', '2016-06-27 16:54:56', '3', NULL, '2016-06-27 16:55:00', '2016-06-27 16:55:01', 11, 6),
	(11, '11', 'admin11', 'Boss2', '2016-06-27 16:54:18', 0, 0, 'ssssss', 'vn', 'vn', '22222', NULL, NULL, NULL, 'dfdfdfdf', NULL, NULL, NULL, 'admin2', 'admin', 'admin@gmail.com', '2016-06-27 16:54:56', '3', NULL, '2016-06-27 16:55:00', '2016-06-27 16:55:01', 12, 1),
	(12, '12', 'admin12', 'Boss2', '2016-06-27 16:54:18', 0, 0, 'ssssss', 'vn', 'vn', '22222', NULL, NULL, NULL, 'dfdfdfdf', NULL, NULL, NULL, 'admin2', 'admin', 'admin@gmail.com', '2016-06-27 16:54:56', '3', NULL, '2016-06-27 16:55:00', '2016-06-27 16:55:01', 13, 1),
	(13, '13', 'admin13', 'Boss2', '2016-06-27 16:54:18', 0, 0, 'ssssss', 'vn', 'vn', '22222', NULL, NULL, NULL, 'dfdfdfdf', NULL, NULL, NULL, 'admin2', 'admin', 'admin@gmail.com', '2016-06-27 16:54:56', '3', NULL, '2016-06-27 16:55:00', '2016-06-27 16:55:01', 14, 2),
	(14, '14', 'admin14', 'Boss2', '2016-06-27 16:54:18', 0, 0, 'ssssss', 'vn', 'vn', '22222', NULL, NULL, NULL, 'dfdfdfdf', NULL, NULL, NULL, 'admin2', 'admin', 'admin@gmail.com', '2016-06-27 16:54:56', '3', NULL, '2016-06-27 16:55:00', '2016-06-27 16:55:01', 15, 4),
	(15, '15', 'admin15', 'Boss2', '2016-06-27 16:54:18', 0, 0, 'ssssss', 'vn', 'vn', '22222', NULL, NULL, NULL, 'dfdfdfdf', NULL, NULL, NULL, 'admin2', 'admin', 'admin@gmail.com', '2016-06-27 16:54:56', '3', NULL, '2016-06-27 16:55:00', '2016-06-27 16:55:01', 16, 2),
	(16, '16', 'admin16', 'Boss2', '2016-06-27 16:54:18', 0, 0, 'ssssss', 'vn', 'vn', '22222', NULL, NULL, NULL, 'dfdfdfdf', NULL, NULL, NULL, 'admin2', 'admin', 'admin@gmail.com', '2016-06-27 16:54:56', '3', NULL, '2016-06-27 16:55:00', '2016-06-27 16:55:01', 17, 2);
/*!40000 ALTER TABLE `user` ENABLE KEYS */;
/*!40101 SET SQL_MODE=IFNULL(@OLD_SQL_MODE, '') */;
/*!40014 SET FOREIGN_KEY_CHECKS=IF(@OLD_FOREIGN_KEY_CHECKS IS NULL, 1, @OLD_FOREIGN_KEY_CHECKS) */;
/*!40101 SET CHARACTER_SET_CLIENT=@OLD_CHARACTER_SET_CLIENT */;
